AuditCollectType,1002,ObjectType
MachineEngineType,1003,ObjectType
UIType,1004,ObjectType
PaymentServiceType,1005,ObjectType
BaseConfigurationType,1006,ObjectType
PriceInformationType,1007,ObjectType
IdentificationType,1008,ObjectType
MachineEngineCapabilitiesType,1009,ObjectType
PaymentServiceDeliveryType,1010,ObjectType
PriceServiceType,1011,ObjectType
MachineEngineDeliveryType,1012,ObjectType
VendingBaseAuditEventType,1013,ObjectType
PriceChangeEventType,1014,ObjectType
MachineEngineStatusType,1015,ObjectType
ConfigurationChangedEventType,1016,ObjectType
PaymentServiceBasketDeliveryType,1017,ObjectType
PaymentModeType,1018,ObjectType
BaseComponentsType,1019,ObjectType
VendingAuditEventType,1020,ObjectType
PaymentModesType,1021,ObjectType
PaymentDevicesType,1022,ObjectType
StandalonePaymentDeviceType,1023,ObjectType
PaymentServiceStatusType,1024,ObjectType
PaymentDeviceType,1026,ObjectType
PaymentCashDeviceType,1028,ObjectType
VendingBasketAuditEventType,1029,ObjectType
PaymentBillDeviceType,1031,ObjectType
PaymentCoinDeviceType,1034,ObjectType
PaymentCashlessDeviceType,1037,ObjectType
OptionDescriptionDataType,3003,DataType
AvailabilityEnum,3004,DataType
PriceDataType,3005,DataType
OptionSelectionDataType,3006,DataType
AssetConfigurationEnum,3007,DataType
SelectionDescriptionDataType,3008,DataType
DeliveryRequestDataType,3009,DataType
MachineEngineWorkingStatusEnum,3010,DataType
OutputDeliveryStatusDataType,3011,DataType
OutputStatusEnum,3012,DataType
DeliveryProgressDataType,3013,DataType
PriceAndContextDataType,3014,DataType
DeliveryStatusEnum,3015,DataType
OutputStatusDataType,3017,DataType
AvailabilityStatusDataType,3020,DataType
SlotConfigurationDataType,3021,DataType
TransactionProgressDataType,3022,DataType
BasketProgressDataType,3024,DataType
ActualPaymentDataType,3025,DataType
DeliveryAndPaymentStatusEnum,3026,DataType
SelectionPriceDataType,3027,DataType
PayoutStatusEnum,3029,DataType
OperationStatusEnum,3032,DataType
SelectionDataType,3033,DataType
PaymentModeOrDeviceStatusEnum,3036,DataType
PaymentServiceStatusEnum,3039,DataType
MachineEngineType_Identification,5001,Object
MachineEngineType_Configuration,5002,Object
MachineEngineType_Capabilities,5003,Object
MachineEngineType_Delivery,5004,Object
AuditCollectType_Identification,5005,Object
AuditCollectType_Configuration,5006,Object
AuditCollectType_Components,5007,Object
MachineEngineType_Status,5008,Object
OptionDescriptionDataType_Encoding_DefaultBinary,5009,Object
OptionDescriptionDataType_Encoding_DefaultXml,5010,Object
OptionDescriptionDataType_Encoding_DefaultJson,5011,Object
SelectionDescriptionDataType_Encoding_DefaultBinary,5012,Object
SelectionDescriptionDataType_Encoding_DefaultXml,5013,Object
SelectionDescriptionDataType_Encoding_DefaultJson,5014,Object
UIType_Identification,5015,Object
PaymentServiceType_Delivery,5016,Object
PriceDataType_Encoding_DefaultBinary,5017,Object
PriceDataType_Encoding_DefaultXml,5018,Object
PriceDataType_Encoding_DefaultJson,5019,Object
DeliveryRequestDataType_Encoding_DefaultBinary,5020,Object
DeliveryRequestDataType_Encoding_DefaultXml,5021,Object
DeliveryRequestDataType_Encoding_DefaultJson,5022,Object
OptionSelectionDataType_Encoding_DefaultBinary,5023,Object
OptionSelectionDataType_Encoding_DefaultXml,5024,Object
OptionSelectionDataType_Encoding_DefaultJson,5025,Object
DeliveryProgressDataType_Encoding_DefaultBinary,5026,Object
DeliveryProgressDataType_Encoding_DefaultXml,5027,Object
DeliveryProgressDataType_Encoding_DefaultJson,5028,Object
Server_Namespaces_http___opcfoundation_org_UA_UnattendedRetail_,5029,Object
PaymentServiceType_Configuration,5030,Object
OutputDeliveryStatusDataType_Encoding_DefaultBinary,5031,Object
OutputDeliveryStatusDataType_Encoding_DefaultXml,5032,Object
OutputDeliveryStatusDataType_Encoding_DefaultJson,5033,Object
OutputStatusDataType_Encoding_DefaultBinary,5034,Object
OutputStatusDataType_Encoding_DefaultXml,5035,Object
OutputStatusDataType_Encoding_DefaultJson,5036,Object
AvailabilityStatusDataType_Encoding_DefaultBinary,5037,Object
AvailabilityStatusDataType_Encoding_DefaultXml,5038,Object
AvailabilityStatusDataType_Encoding_DefaultJson,5039,Object
BaseComponentsType_Component,5040,Object
MachineEngineType_Components,5041,Object
PaymentServiceType_PaymentDevices,5042,Object
BasketProgressDataType_Encoding_DefaultBinary,5043,Object
BasketProgressDataType_Encoding_DefaultXml,5044,Object
BasketProgressDataType_Encoding_DefaultJson,5045,Object
SelectionPriceDataType_Encoding_DefaultBinary,5046,Object
SelectionPriceDataType_Encoding_DefaultXml,5047,Object
SelectionPriceDataType_Encoding_DefaultJson,5048,Object
SelectionDataType_Encoding_DefaultBinary,5052,Object
SelectionDataType_Encoding_DefaultXml,5053,Object
SelectionDataType_Encoding_DefaultJson,5054,Object
PaymentServiceType_Identification,5055,Object
PaymentModesType_PaymentMode,5056,Object
UIType_Configuration,5057,Object
PriceServiceType_Identification,5058,Object
PriceServiceType_Configuration,5059,Object
PriceServiceType_PriceInformation,5060,Object
PaymentServiceType_PriceInformation,5061,Object
PaymentServiceType_PaymentModes,5062,Object
PaymentServiceType_PaymentModes_PaymentMode,5063,Object
PaymentServiceType_Status,5064,Object
PriceAndContextDataType_Encoding_DefaultBinary,5065,Object
PriceAndContextDataType_Encoding_DefaultXml,5066,Object
PriceAndContextDataType_Encoding_DefaultJson,5067,Object
TransactionProgressDataType_Encoding_DefaultBinary,5068,Object
TransactionProgressDataType_Encoding_DefaultXml,5069,Object
TransactionProgressDataType_Encoding_DefaultJson,5070,Object
ActualPaymentDataType_Encoding_DefaultBinary,5071,Object
ActualPaymentDataType_Encoding_DefaultXml,5072,Object
ActualPaymentDataType_Encoding_DefaultJson,5073,Object
PaymentServiceType_Components,5074,Object
PaymentDevicesType_PaymentDevice,5075,Object
PaymentDeviceType_Identification,5076,Object
PaymentDevicesType_PaymentDevice_Identification,5077,Object
PaymentServiceType_PaymentDevices_PaymentDevice,5078,Object
PaymentServiceType_PaymentDevices_PaymentDevice_Identification,5079,Object
UIType_Components,5080,Object
PriceServiceType_Components,5081,Object
SlotConfigurationDataType_Encoding_DefaultBinary,5082,Object
SlotConfigurationDataType_Encoding_DefaultXml,5083,Object
SlotConfigurationDataType_Encoding_DefaultJson,5084,Object
StandalonePaymentDeviceType_Configuration,5085,Object
StandalonePaymentDeviceType_Components,5086,Object
IdentificationType_Manufacturer,6001,Variable
MachineEngineCapabilitiesType_OutputIds,6002,Variable
IdentificationType_ManufacturerUri,6003,Variable
MachineEngineStatusType_OutputStatus,6004,Variable
IdentificationType_Model,6005,Variable
IdentificationType_ProductCode,6006,Variable
IdentificationType_HardwareRevision,6007,Variable
IdentificationType_SoftwareRevision,6008,Variable
IdentificationType_DeviceRevision,6009,Variable
IdentificationType_DeviceManual,6010,Variable
IdentificationType_DeviceClass,6011,Variable
IdentificationType_SerialNumber,6012,Variable
IdentificationType_ProductInstanceUri,6013,Variable
IdentificationType_RevisionCounter,6014,Variable
BaseConfigurationType_LocalTime,6015,Variable
MachineEngineType_Configuration_LocalTime,6016,Variable
MachineEngineCapabilitiesType_SelectionList,6017,Variable
MachineEngineType_Capabilities_Options,6018,Variable
MachineEngineDeliveryType_Deliver_InputArguments,6019,Variable
PaymentServiceDeliveryType_DeliverRequest_InputArguments,6020,Variable
MachineEngineType_Delivery_Deliver_InputArguments,6021,Variable
PaymentServiceType_Delivery_DeliverRequest_InputArguments,6022,Variable
AvailabilityEnum_EnumStrings,6023,Variable
TypeDictionary_BinarySchema,6024,Variable
TypeDictionary_BinarySchema_NamespaceUri,6025,Variable
TypeDictionary_BinarySchema_Deprecated,6026,Variable
TypeDictionary_XmlSchema,6027,Variable
TypeDictionary_XmlSchema_NamespaceUri,6028,Variable
TypeDictionary_XmlSchema_Deprecated,6029,Variable
AuditCollectType_Identification_ProductInstanceUri,6030,Variable
VendingBaseAuditEventType_Category,6031,Variable
MachineEngineStatusType_SelectionIdStatus,6032,Variable
MachineEngineStatusType_WorkingStatus,6033,Variable
MachineEngineWorkingStatusEnum_EnumStrings,6034,Variable
MachineEngineStatusType_SensorData,6035,Variable
MachineEngineStatusType_SensorData_EngineeringUnits,6036,Variable
MachineEngineDeliveryType_DeliveryProgress,6037,Variable
MachineEngineType_Delivery_DeliveryProgress,6038,Variable
Server_Namespaces_http___opcfoundation_org_UA_UnattendedRetail__IsNamespaceSubset,6039,Variable
Server_Namespaces_http___opcfoundation_org_UA_UnattendedRetail__NamespacePublicationDate,6040,Variable
MachineEngineType_Status_WorkingStatus,6041,Variable
MachineEngineType_Status_SelectionIdStatus,6042,Variable
TypeDictionary_BinarySchema_OptionDescriptionDataType,6043,Variable
TypeDictionary_XmlSchema_OptionDescriptionDataType,6044,Variable
MachineEngineCapabilitiesType_Options,6045,Variable
MachineEngineType_Capabilities_SelectionList,6046,Variable
TypeDictionary_BinarySchema_SelectionDescriptionDataType,6047,Variable
TypeDictionary_XmlSchema_SelectionDescriptionDataType,6048,Variable
MachineEngineCapabilitiesType_SelectionListVersion,6049,Variable
MachineEngineType_Capabilities_SelectionListVersion,6050,Variable
MachineEngineStatusType_MainColdTemperature,6051,Variable
MachineEngineStatusType_MainColdTemperature_EngineeringUnits,6052,Variable
MachineEngineStatusType_MainHotTemperature,6053,Variable
MachineEngineStatusType_MainHotTemperature_EngineeringUnits,6054,Variable
TypeDictionary_BinarySchema_PriceDataType,6055,Variable
TypeDictionary_XmlSchema_PriceDataType,6056,Variable
PaymentServiceDeliveryType_DeliverRequest_OutputArguments,6057,Variable
PaymentServiceType_Delivery_DeliverRequest_OutputArguments,6058,Variable
TypeDictionary_BinarySchema_DeliveryRequestDataType,6059,Variable
TypeDictionary_XmlSchema_DeliveryRequestDataType,6060,Variable
DeliveryStatusEnum_EnumStrings,6061,Variable
PaymentServiceDeliveryType_TransactionProgress,6062,Variable
PaymentServiceType_Delivery_TransactionProgress,6063,Variable
MachineEngineDeliveryType_DeliveryRequests,6064,Variable
MachineEngineType_Delivery_DeliveryRequests,6065,Variable
TypeDictionary_BinarySchema_OptionSelectionDataType,6066,Variable
TypeDictionary_XmlSchema_OptionSelectionDataType,6067,Variable
TypeDictionary_BinarySchema_DeliveryProgressDataType,6068,Variable
TypeDictionary_XmlSchema_DeliveryProgressDataType,6069,Variable
Server_Namespaces_http___opcfoundation_org_UA_UnattendedRetail__NamespaceUri,6070,Variable
Server_Namespaces_http___opcfoundation_org_UA_UnattendedRetail__NamespaceVersion,6071,Variable
Server_Namespaces_http___opcfoundation_org_UA_UnattendedRetail__StaticNodeIdTypes,6072,Variable
Server_Namespaces_http___opcfoundation_org_UA_UnattendedRetail__StaticNumericNodeIdRange,6073,Variable
Server_Namespaces_http___opcfoundation_org_UA_UnattendedRetail__StaticStringNodeIdPattern,6074,Variable
PriceInformationType_GetPriceForSelections_InputArguments,6075,Variable
PaymentServiceType_Configuration_LocalTime,6076,Variable
TypeDictionary_BinarySchema_OutputDeliveryStatusDataType,6077,Variable
TypeDictionary_XmlSchema_OutputDeliveryStatusDataType,6078,Variable
OutputStatusEnum_EnumStrings,6079,Variable
TypeDictionary_BinarySchema_OutputStatusDataType,6080,Variable
TypeDictionary_XmlSchema_OutputStatusDataType,6081,Variable
TypeDictionary_BinarySchema_AvailabilityStatusDataType,6082,Variable
TypeDictionary_XmlSchema_AvailabilityStatusDataType,6083,Variable
VendingAuditEventType_Counter,6084,Variable
VendingBaseAuditEventType_InMaintenanceMode,6085,Variable
VendingAuditEventType_MonetaryValueWithContext,6086,Variable
TypeDictionary_BinarySchema_BasketProgressDataType,6087,Variable
TypeDictionary_XmlSchema_BasketProgressDataType,6088,Variable
TypeDictionary_BinarySchema_SelectionPriceDataType,6089,Variable
TypeDictionary_XmlSchema_SelectionPriceDataType,6090,Variable
Server_Namespaces_http___opcfoundation_org_UA_UnattendedRetail__ModelVersion,6091,Variable
TypeDictionary_BinarySchema_SelectionDataType,6093,Variable
TypeDictionary_XmlSchema_SelectionDataType,6094,Variable
PaymentModeOrDeviceStatusEnum_EnumStrings,6095,Variable
PaymentServiceStatusEnum_EnumStrings,6096,Variable
IdentificationType_SoftwareReleaseDate,6097,Variable
IdentificationType_PatchIdentifiers,6098,Variable
MachineEngineType_Capabilities_OutputIds,6099,Variable
MachineEngineType_Status_OutputStatus,6100,Variable
PriceInformationType_GetPriceForSelections_OutputArguments,6101,Variable
PriceInformationType_GetPriceForOneSelection_InputArguments,6102,Variable
PriceInformationType_GetPriceForOneSelection_OutputArguments,6103,Variable
PriceInformationType_GetPriceForBasket_InputArguments,6104,Variable
PriceInformationType_GetPriceForBasket_OutputArguments,6105,Variable
PriceChangeEventType_MachineEngineProductInstanceUri,6106,Variable
PaymentModeType_Status,6107,Variable
PaymentModeType_PaymentModeId,6108,Variable
PaymentModeType_CurrentlyUsedUserId,6109,Variable
PaymentModeType_AvailableCredit,6110,Variable
PaymentModesType_PaymentMode_PaymentModeId,6111,Variable
PaymentModesType_PaymentMode_Status,6112,Variable
PaymentServiceStatusType_Status,6113,Variable
PaymentServiceStatusType_RequestStatusChange_InputArguments,6114,Variable
MachineEngineStatusType_OptionIdStatus,6115,Variable
UIType_Configuration_LocalTime,6116,Variable
MachineEngineType_Status_OptionIdStatus,6117,Variable
PriceServiceType_PriceInformation_GetPriceForOneSelection_InputArguments,6118,Variable
PriceServiceType_PriceInformation_GetPriceForOneSelection_OutputArguments,6119,Variable
PriceServiceType_PriceInformation_GetPriceForSelections_InputArguments,6120,Variable
PriceServiceType_PriceInformation_GetPriceForSelections_OutputArguments,6121,Variable
PaymentServiceType_PriceInformation_GetPriceForOneSelection_InputArguments,6122,Variable
PaymentServiceType_PriceInformation_GetPriceForOneSelection_OutputArguments,6123,Variable
PaymentServiceType_PriceInformation_GetPriceForSelections_InputArguments,6124,Variable
PaymentServiceType_PriceInformation_GetPriceForSelections_OutputArguments,6125,Variable
PaymentServiceType_PaymentModes_PaymentMode_PaymentModeId,6126,Variable
PaymentServiceType_PaymentModes_PaymentMode_Status,6127,Variable
PaymentServiceType_Status_RequestStatusChange_InputArguments,6128,Variable
PaymentServiceType_Status_Status,6129,Variable
PaymentServiceBasketDeliveryType_BasketProgress,6130,Variable
PaymentServiceBasketDeliveryType_DeliverBasketRequest_InputArguments,6131,Variable
PaymentServiceBasketDeliveryType_DeliverBasketRequest_OutputArguments,6132,Variable
MachineEngineType_Identification_ProductInstanceUri,6133,Variable
UIType_Identification_ProductInstanceUri,6134,Variable
PaymentServiceType_Identification_ProductInstanceUri,6135,Variable
PriceServiceType_Identification_ProductInstanceUri,6136,Variable
TypeDictionary_BinarySchema_PriceAndContextDataType,6137,Variable
TypeDictionary_XmlSchema_PriceAndContextDataType,6138,Variable
TypeDictionary_BinarySchema_TransactionProgressDataType,6139,Variable
TypeDictionary_XmlSchema_TransactionProgressDataType,6140,Variable
DeliveryAndPaymentStatusEnum_EnumStrings,6141,Variable
TypeDictionary_BinarySchema_ActualPaymentDataType,6142,Variable
TypeDictionary_XmlSchema_ActualPaymentDataType,6143,Variable
VendingAuditEventType_FailStatus,6144,Variable
VendingAuditEventType_PaymentMode,6145,Variable
VendingAuditEventType_MonetaryValue,6146,Variable
VendingAuditEventType_NewSlotContent,6147,Variable
VendingAuditEventType_PaymentDetails,6148,Variable
VendingAuditEventType_Selection,6149,Variable
VendingAuditEventType_SlotIndex,6150,Variable
VendingAuditEventType_UserId,6151,Variable
MachineEngineDeliveryType_Deliver_OutputArguments,6152,Variable
MachineEngineType_Delivery_Deliver_OutputArguments,6153,Variable
MachineEngineDeliveryType_StopDelivery_InputArguments,6154,Variable
MachineEngineType_Delivery_StopDelivery_InputArguments,6155,Variable
MachineEngineDeliveryType_StopDelivery_OutputArguments,6156,Variable
MachineEngineType_Delivery_StopDelivery_OutputArguments,6157,Variable
MachineEngineStatusType_ActiveEVADTSStatusCodes,6158,Variable
MachineEngineType_Status_ActiveEVADTSStatusCodes,6159,Variable
PaymentServiceDeliveryType_CancelDeliverRequest_InputArguments,6160,Variable
PaymentServiceDeliveryType_CancelDeliverRequest_OutputArguments,6161,Variable
PaymentServiceType_Delivery_CancelDeliverRequest_InputArguments,6162,Variable
PaymentServiceType_Delivery_CancelDeliverRequest_OutputArguments,6163,Variable
PaymentServiceBasketDeliveryType_CancelDeliverBasketRequest_InputArguments,6164,Variable
PaymentServiceBasketDeliveryType_CancelDeliverBasketRequest_OutputArguments,6165,Variable
PaymentDeviceType_Identification_ProductInstanceUri,6166,Variable
PaymentDeviceType_SupportedAssetList,6167,Variable
PaymentDeviceType_SupportedAssetListVersion,6168,Variable
PaymentDeviceType_SlotConfigurationList,6170,Variable
PaymentDevicesType_PaymentDevice_Identification_ProductInstanceUri,6171,Variable
PaymentServiceType_PaymentDevices_PaymentDevice_Identification_ProductInstanceUri,6172,Variable
MachineEngineType_Identification_Manufacturer,6173,Variable
AuditCollectType_Identification_Manufacturer,6174,Variable
UIType_Identification_Manufacturer,6175,Variable
PaymentServiceType_Identification_Manufacturer,6176,Variable
PriceServiceType_Identification_Manufacturer,6177,Variable
PaymentDeviceType_Identification_Manufacturer,6178,Variable
PaymentDevicesType_PaymentDevice_Identification_Manufacturer,6179,Variable
PaymentServiceType_PaymentDevices_PaymentDevice_Identification_Manufacturer,6180,Variable
MachineEngineType_Identification_ProductCode,6181,Variable
AuditCollectType_Identification_ProductCode,6182,Variable
UIType_Identification_ProductCode,6183,Variable
PaymentServiceType_Identification_ProductCode,6184,Variable
PriceServiceType_Identification_ProductCode,6185,Variable
PaymentDeviceType_Identification_ProductCode,6186,Variable
PaymentDevicesType_PaymentDevice_Identification_ProductCode,6187,Variable
PaymentServiceType_PaymentDevices_PaymentDevice_Identification_ProductCode,6188,Variable
MachineEngineType_Identification_SoftwareRevision,6189,Variable
AuditCollectType_Identification_SoftwareRevision,6190,Variable
UIType_Identification_SoftwareRevision,6191,Variable
PaymentServiceType_Identification_SoftwareRevision,6192,Variable
PriceServiceType_Identification_SoftwareRevision,6193,Variable
PaymentDeviceType_Identification_SoftwareRevision,6194,Variable
PaymentDevicesType_PaymentDevice_Identification_SoftwareRevision,6195,Variable
PaymentServiceType_PaymentDevices_PaymentDevice_Identification_SoftwareRevision,6196,Variable
PaymentModesType_PaymentMode_AvailableCredit,6197,Variable
PaymentServiceType_PaymentModes_PaymentMode_AvailableCredit,6198,Variable
BaseConfigurationType_DefaultCurrency,6199,Variable
PaymentDeviceType_IsEmulated,6200,Variable
PaymentDevicesType_PaymentDevice_IsEmulated,6201,Variable
PaymentServiceType_PaymentDevices_PaymentDevice_IsEmulated,6202,Variable
AssetConfigurationEnum_EnumStrings,6203,Variable
TypeDictionary_BinarySchema_SlotConfigurationDataType,6204,Variable
TypeDictionary_XmlSchema_SlotConfigurationDataType,6205,Variable
PayoutStatusEnum_EnumStrings,6206,Variable
OperationStatusEnum_EnumStrings,6207,Variable
PaymentDeviceType_Status,6208,Variable
PaymentDevicesType_PaymentDevice_Status,6209,Variable
PaymentServiceType_PaymentDevices_PaymentDevice_Status,6210,Variable
PaymentCashDeviceType_SlotConfigurationList,6211,Variable
PaymentCashDeviceType_SupportedAssetList,6212,Variable
PaymentCashDeviceType_SupportedAssetListVersion,6213,Variable
PaymentCashDeviceType_CurrentSlotContentList,6214,Variable
PaymentCashDeviceType_AssetConfigurationList,6215,Variable
PaymentCashDeviceType_PayoutStatus,6216,Variable
PaymentCashDeviceType_CurrentAvailableValue,6217,Variable
PaymentCashDeviceType_ChangeAssetConfigurationList_InputArguments,6218,Variable
PaymentCashDeviceType_ChangeAssetConfigurationList_OutputArguments,6219,Variable
PaymentCashDeviceType_PayoutByValue_InputArguments,6220,Variable
PaymentCashDeviceType_PayoutByValue_OutputArguments,6221,Variable
PaymentCashDeviceType_PayoutBySupportedAssetList_InputArguments,6222,Variable
PaymentCashDeviceType_PayoutBySupportedAssetList_OutputArguments,6223,Variable
PaymentCashDeviceType_ConsumeAvailableValue_InputArguments,6224,Variable
PaymentCashDeviceType_ConsumeAvailableValue_OutputArguments,6225,Variable
PaymentBillDeviceType_CurrentValueInEscrow,6226,Variable
PaymentBillDeviceType_CancelPayout_OutputArguments,6227,Variable
PaymentBillDeviceType_HandleBillFromEscrow_InputArguments,6228,Variable
PaymentBillDeviceType_HandleBillFromEscrow_OutputArguments,6229,Variable
PaymentCashlessDeviceType_UserId,6230,Variable
PaymentCashlessDeviceType_MaxRecharge,6231,Variable
PaymentCashlessDeviceType_CurrentContentOnCard,6232,Variable
PaymentCashlessDeviceType_ApproveStatus,6233,Variable
PaymentCashlessDeviceType_RechargeStatus,6234,Variable
PaymentCashlessDeviceType_RefundLastStatus,6235,Variable
PaymentCashlessDeviceType_IsEnabled,6236,Variable
PaymentCashlessDeviceType_Approve_InputArguments,6237,Variable
PaymentCashlessDeviceType_Approve_OutputArguments,6238,Variable
PaymentCashlessDeviceType_CancelApproval_OutputArguments,6239,Variable
PaymentCashlessDeviceType_Recharge_InputArguments,6240,Variable
PaymentCashlessDeviceType_Recharge_OutputArguments,6241,Variable
PaymentCashlessDeviceType_RefundLast_OutputArguments,6242,Variable
PaymentCashlessDeviceType_EnableOrDisable_InputArguments,6243,Variable
PaymentCashlessDeviceType_EnableOrDisable_OutputArguments,6244,Variable
AuditCollectType_IsCollectingAudit,6245,Variable
VendingAuditEventType_NonRefundedValue,6246,Variable
VendingBasketAuditEventType_BasketContent,6247,Variable
VendingBasketAuditEventType_MonetaryValuePerBasketContent,6248,Variable
VendingBasketAuditEventType_PartialSuccessful,6249,Variable
VendingBaseAuditEventType_EVADTSStatusCode,6250,Variable
VendingBaseAuditEventType_EVADTSStatusIsActive,6251,Variable
MachineEngineDeliveryType_Deliver,7001,Method
MachineEngineType_Delivery_Deliver,7002,Method
PaymentServiceDeliveryType_DeliverRequest,7003,Method
PaymentServiceType_Delivery_DeliverRequest,7004,Method
PriceInformationType_GetPriceForSelections,7005,Method
PriceInformationType_GetPriceForOneSelection,7006,Method
PriceInformationType_GetPriceForBasket,7007,Method
PaymentModeType_EscrowRefund,7008,Method
PaymentServiceStatusType_RequestStatusChange,7009,Method
PriceServiceType_PriceInformation_GetPriceForOneSelection,7010,Method
PriceServiceType_PriceInformation_GetPriceForSelections,7011,Method
PaymentServiceType_PriceInformation_GetPriceForOneSelection,7012,Method
PaymentServiceType_PriceInformation_GetPriceForSelections,7013,Method
PaymentServiceType_Status_RequestStatusChange,7014,Method
PaymentServiceBasketDeliveryType_DeliverBasketRequest,7015,Method
MachineEngineDeliveryType_StopDelivery,7016,Method
MachineEngineType_Delivery_StopDelivery,7017,Method
PaymentServiceDeliveryType_CancelDeliverRequest,7018,Method
PaymentServiceType_Delivery_CancelDeliverRequest,7019,Method
PaymentServiceBasketDeliveryType_CancelDeliverBasketRequest,7020,Method
PaymentCashDeviceType_ChangeAssetConfigurationList,7021,Method
PaymentCashDeviceType_PayoutByValue,7022,Method
PaymentCashDeviceType_PayoutBySupportedAssetList,7023,Method
PaymentCashDeviceType_ConsumeAvailableValue,7024,Method
PaymentBillDeviceType_CancelPayout,7025,Method
PaymentBillDeviceType_HandleBillFromEscrow,7026,Method
PaymentCashlessDeviceType_Approve,7027,Method
PaymentCashlessDeviceType_CancelApproval,7028,Method
PaymentCashlessDeviceType_Recharge,7029,Method
PaymentCashlessDeviceType_EnableOrDisable,7030,Method
PaymentCashlessDeviceType_RefundLast,7031,Method
