STCompCoolerType,1003,ObjectType
STCompCondenserType,1004,ObjectType
STSysTreatmentType,1005,ObjectType
STCompDryerType,1007,ObjectType
STCompHeaterType,1010,ObjectType
STCompPressurizedAirType,1013,ObjectType
STCompPumpType,1016,ObjectType
STCompStirrerType,1019,ObjectType
STCompUltrasonicEmitterType,1022,ObjectType
STCompValveType,1025,ObjectType
STCompVesselType,1028,ObjectType
STSysAuxiliaryType,1031,ObjectType
STSysCleaningType,1034,ObjectType
STSysConveyorType,1037,ObjectType
STSysDryingType,1040,ObjectType
STSysHandlingType,1043,ObjectType
STSysMaterialSupplyType,1046,ObjectType
STSysQualityControlType,1049,ObjectType
STSysRinsingType,1052,ObjectType
Server_Namespaces_http___opcfoundation_org_UA_SurfaceTechnology_CleaningPretreatment_,5001,Object
STCompCoolerType_Monitoring,5002,Object
STCompCoolerType_Monitoring_Process,5003,Object
STCompCoolerType_Monitoring_Process_CoolingPower,5004,Object
STCompCoolerType_Monitoring_Process_Temperature,5005,Object
STCompCondenserType_Monitoring,5006,Object
STCompCondenserType_Monitoring_Process,5007,Object
STCompCondenserType_Monitoring_Process_Temperature,5008,Object
STCompDryerType_Monitoring,5009,Object
STCompDryerType_Monitoring_Process,5010,Object
STCompDryerType_Monitoring_Process_DryerPower,5011,Object
STCompDryerType_Monitoring_Process_Humidity,5012,Object
STCompDryerType_Monitoring_Process_Temperature,5013,Object
STCompHeaterType_Monitoring,5014,Object
STCompHeaterType_Monitoring_Process,5015,Object
STCompHeaterType_Monitoring_Process_EmissionControl,5016,Object
STCompHeaterType_Monitoring_Process_HeatingPower,5017,Object
STCompHeaterType_Monitoring_Process_Temperature,5018,Object
STCompPressurizedAirType_Monitoring,5019,Object
STCompPressurizedAirType_Monitoring_Process,5020,Object
STCompPressurizedAirType_Monitoring_Process_PressurizedAirPressure,5021,Object
STCompPressurizedAirType_Monitoring_Process_PressurizedAirVolumeflow,5022,Object
STCompPressurizedAirType_Monitoring_Process_Temperature,5023,Object
STCompPumpType_Monitoring,5024,Object
STCompPumpType_Monitoring_Process,5025,Object
STCompPumpType_Monitoring_Process_EmissionControl,5026,Object
STCompPumpType_Monitoring_Process_InverterFrequency,5027,Object
STCompPumpType_Monitoring_Process_InverterPower,5028,Object
STCompPumpType_Monitoring_Process_MediaPressure,5029,Object
STCompPumpType_Monitoring_Process_MediaVolumeflow,5030,Object
STCompPumpType_Monitoring_Process_PumpVibration,5031,Object
STCompPumpType_Monitoring_Process_Temperature,5032,Object
STCompStirrerType_Monitoring,5033,Object
STCompStirrerType_Monitoring_Process,5034,Object
STCompStirrerType_Monitoring_Process_StirrerSpeed,5035,Object
STCompUltrasonicEmitterType_Monitoring,5036,Object
STCompUltrasonicEmitterType_Monitoring_Process,5037,Object
STCompUltrasonicEmitterType_Monitoring_Process_UltrasonicFrequency,5038,Object
STCompUltrasonicEmitterType_Monitoring_Process_UltrasonicPower,5039,Object
STCompValveType_Monitoring,5040,Object
STCompValveType_Monitoring_Process,5041,Object
STCompValveType_Monitoring_Process_ValveOpeningAngle,5042,Object
STCompValveType_Monitoring_Process_ValveOpeningTime,5043,Object
STCompVesselType_Monitoring,5044,Object
STCompVesselType_Monitoring_Process,5045,Object
STCompVesselType_Monitoring_Process_CoolingPower,5046,Object
STCompVesselType_Monitoring_Process_CorrosionProtectionConcentration,5047,Object
STCompVesselType_Monitoring_Process_DryerPower,5048,Object
STCompVesselType_Monitoring_Process_FillLevelDiscrete,5049,Object
STCompVesselType_Monitoring_Process_FluorescenceLiquid,5050,Object
STCompVesselType_Monitoring_Process_HeatingPower,5051,Object
STCompVesselType_Monitoring_Process_LevelCavitationNoise,5052,Object
STCompVesselType_Monitoring_Process_NonVolatileResidualsLiquid,5053,Object
STCompVesselType_Monitoring_Process_OilContaminantConcentration,5054,Object
STCompVesselType_Monitoring_Process_ParticleCountClassXLiquid,5055,Object
STCompVesselType_Monitoring_Process_ParticleWeightLiquid,5056,Object
STCompVesselType_Monitoring_Process_phValue,5057,Object
STCompVesselType_Monitoring_Process_QualityIndexLiquid,5058,Object
STCompVesselType_Monitoring_Process_SurfactantConcentration,5059,Object
STCompVesselType_Monitoring_Process_Temperature,5060,Object
STCompVesselType_Monitoring_Process_TotalOrganicCarbon,5061,Object
STCompVesselType_Monitoring_Process_UltrasonicFrequency,5062,Object
STCompVesselType_Monitoring_Process_UltrasonicPower,5063,Object
STCompVesselType_Monitoring_Process_VolatileResidualsLiquid,5064,Object
STSysAuxiliaryType_Components,5065,Object
STSysAuxiliaryType_Monitoring,5066,Object
STSysAuxiliaryType_Monitoring_Process,5067,Object
STSysAuxiliaryType_Monitoring_Process_ParticleCountClassXLiquid,5068,Object
STSysAuxiliaryType_Components_Condenser,5069,Object
STSysAuxiliaryType_Components_Condenser_MachineryBuildingBlocks,5070,Object
STSysAuxiliaryType_Components_Cooler,5071,Object
STSysAuxiliaryType_Components_Cooler_MachineryBuildingBlocks,5072,Object
STSysAuxiliaryType_Components_Heater,5073,Object
STSysAuxiliaryType_Components_Heater_MachineryBuildingBlocks,5074,Object
STSysAuxiliaryType_Components_PressurizedAir,5075,Object
STSysAuxiliaryType_Components_PressurizedAir_MachineryBuildingBlocks,5076,Object
STSysAuxiliaryType_Components_Pump,5077,Object
STSysAuxiliaryType_Components_Pump_MachineryBuildingBlocks,5078,Object
STSysAuxiliaryType_Components_Valve,5079,Object
STSysAuxiliaryType_Components_Valve_MachineryBuildingBlocks,5080,Object
STSysAuxiliaryType_Components_Vessel,5081,Object
STSysAuxiliaryType_Components_Vessel_MachineryBuildingBlocks,5082,Object
STSysCleaningType_Components,5083,Object
STSysCleaningType_Components_Cooler,5084,Object
STSysCleaningType_Components_Cooler_MachineryBuildingBlocks,5085,Object
STSysCleaningType_Components_Heater,5086,Object
STSysCleaningType_Components_Heater_MachineryBuildingBlocks,5087,Object
STSysCleaningType_Components_Pump,5088,Object
STSysCleaningType_Components_Pump_MachineryBuildingBlocks,5089,Object
STSysCleaningType_Components_UltrasonicEmitter,5090,Object
STSysCleaningType_Components_UltrasonicEmitter_MachineryBuildingBlocks,5091,Object
STSysCleaningType_Components_Valve,5092,Object
STSysCleaningType_Components_Valve_MachineryBuildingBlocks,5093,Object
STSysCleaningType_Components_Vessel,5094,Object
STSysCleaningType_Components_Vessel_MachineryBuildingBlocks,5095,Object
STSysConveyorType_Components,5096,Object
STSysConveyorType_Monitoring,5097,Object
STSysConveyorType_Monitoring_Process,5098,Object
STSysConveyorType_Monitoring_Process_MovementSpeed,5099,Object
STSysConveyorType_Components_Cooler,5100,Object
STSysConveyorType_Components_Cooler_MachineryBuildingBlocks,5101,Object
STSysConveyorType_Components_Dryer,5102,Object
STSysConveyorType_Components_Dryer_MachineryBuildingBlocks,5103,Object
STSysConveyorType_Components_PressurizedAir,5104,Object
STSysConveyorType_Components_PressurizedAir_MachineryBuildingBlocks,5105,Object
STSysConveyorType_Components_Valve,5106,Object
STSysConveyorType_Components_Valve_MachineryBuildingBlocks,5107,Object
STSysDryingType_Components,5108,Object
STSysDryingType_Monitoring,5109,Object
STSysDryingType_Monitoring_Process,5110,Object
STSysDryingType_Monitoring_Process_EmissionControl,5111,Object
STSysDryingType_Monitoring_Process_Humidity,5112,Object
STSysDryingType_Components_Cooler,5113,Object
STSysDryingType_Components_Cooler_MachineryBuildingBlocks,5114,Object
STSysDryingType_Components_Dryer,5115,Object
STSysDryingType_Components_Dryer_MachineryBuildingBlocks,5116,Object
STSysDryingType_Components_Heater,5117,Object
STSysDryingType_Components_Heater_MachineryBuildingBlocks,5118,Object
STSysDryingType_Components_PressurizedAir,5119,Object
STSysDryingType_Components_PressurizedAir_MachineryBuildingBlocks,5120,Object
STSysDryingType_Components_Pump,5121,Object
STSysDryingType_Components_Pump_MachineryBuildingBlocks,5122,Object
STSysDryingType_Components_Valve,5123,Object
STSysDryingType_Components_Valve_MachineryBuildingBlocks,5124,Object
STSysDryingType_Components_Vessel,5125,Object
STSysDryingType_Components_Vessel_MachineryBuildingBlocks,5126,Object
STSysHandlingType_Components,5127,Object
STSysHandlingType_Monitoring,5128,Object
STSysHandlingType_Monitoring_Process,5129,Object
STSysHandlingType_Monitoring_Process_MovementSpeed,5130,Object
STSysHandlingType_Components_Dryer,5131,Object
STSysHandlingType_Components_Dryer_MachineryBuildingBlocks,5132,Object
STSysHandlingType_Components_PressurizedAir,5133,Object
STSysHandlingType_Components_PressurizedAir_MachineryBuildingBlocks,5134,Object
STSysHandlingType_Components_Valve,5135,Object
STSysHandlingType_Components_Valve_MachineryBuildingBlocks,5136,Object
STSysMaterialSupplyType_Components,5137,Object
STSysMaterialSupplyType_Components_Pump,5138,Object
STSysMaterialSupplyType_Components_Pump_MachineryBuildingBlocks,5139,Object
STSysMaterialSupplyType_Components_Stirrer,5140,Object
STSysMaterialSupplyType_Components_Stirrer_MachineryBuildingBlocks,5141,Object
STSysMaterialSupplyType_Components_Valve,5142,Object
STSysMaterialSupplyType_Components_Valve_MachineryBuildingBlocks,5143,Object
STSysMaterialSupplyType_Components_Vessel,5144,Object
STSysMaterialSupplyType_Components_Vessel_MachineryBuildingBlocks,5145,Object
STSysQualityControlType_Monitoring,5146,Object
STSysQualityControlType_Monitoring_Process,5147,Object
STSysQualityControlType_Monitoring_Process_FluorescencePart,5148,Object
STSysQualityControlType_Monitoring_Process_NonVolatileResidualsPart,5149,Object
STSysQualityControlType_Monitoring_Process_ParticleCountClassXLiquid,5150,Object
STSysQualityControlType_Monitoring_Process_ParticleCountClassXPart,5151,Object
STSysQualityControlType_Monitoring_Process_ParticleWeightPart,5152,Object
STSysQualityControlType_Monitoring_Process_QualityIndexPart,5153,Object
STSysQualityControlType_Monitoring_Process_ResidualGasAnalysisHeavyHydrocarbons,5154,Object
STSysQualityControlType_Monitoring_Process_ResidualGasAnalysisLightHydrocarbons,5155,Object
STSysQualityControlType_Monitoring_Process_ResidualGasAnalysisWater,5156,Object
STSysRinsingType_Components,5157,Object
STSysRinsingType_Components_Cooler,5158,Object
STSysRinsingType_Components_Cooler_MachineryBuildingBlocks,5159,Object
STSysRinsingType_Components_Heater,5160,Object
STSysRinsingType_Components_Heater_MachineryBuildingBlocks,5161,Object
STSysRinsingType_Components_Pump,5162,Object
STSysRinsingType_Components_Pump_MachineryBuildingBlocks,5163,Object
STSysRinsingType_Components_UltrasonicEmitter,5164,Object
STSysRinsingType_Components_UltrasonicEmitter_MachineryBuildingBlocks,5165,Object
STSysRinsingType_Components_Valve,5166,Object
STSysRinsingType_Components_Valve_MachineryBuildingBlocks,5167,Object
STSysRinsingType_Components_Vessel,5168,Object
STSysRinsingType_Components_Vessel_MachineryBuildingBlocks,5169,Object
STSysTreatmentType_Components,5170,Object
STSysTreatmentType_Components_Heater,5171,Object
STSysTreatmentType_Components_Heater_MachineryBuildingBlocks,5172,Object
STSysTreatmentType_Components_Pump,5173,Object
STSysTreatmentType_Components_Pump_MachineryBuildingBlocks,5174,Object
STSysTreatmentType_Components_Valve,5175,Object
STSysTreatmentType_Components_Valve_MachineryBuildingBlocks,5176,Object
STSysTreatmentType_Components_Vessel,5177,Object
STSysTreatmentType_Components_Vessel_MachineryBuildingBlocks,5178,Object
STCompVesselType_Monitoring_Process_AlkalinityFree,5179,Object
STCompVesselType_Monitoring_Process_AlkalinityTotal,5180,Object
STCompVesselType_Monitoring_Process_AcidityFree,5181,Object
STCompVesselType_Monitoring_Process_AcidityTotal,5182,Object
STCompVesselType_Monitoring_Process_Conductivity,5183,Object
STCompVesselType_Monitoring_Process_CleaningAgentConcentration,5184,Object
STCompVesselType_Monitoring_Process_BuilderConcentration,5185,Object
STCompVesselType_Monitoring_Process_ChamberPressure,5186,Object
STCompVesselType_Monitoring_Process_CavitationIntensity,5187,Object
Server_Namespaces_http___opcfoundation_org_UA_SurfaceTechnology_CleaningPretreatment__IsNamespaceSubset,6001,Variable
Server_Namespaces_http___opcfoundation_org_UA_SurfaceTechnology_CleaningPretreatment__NamespacePublicationDate,6002,Variable
Server_Namespaces_http___opcfoundation_org_UA_SurfaceTechnology_CleaningPretreatment__NamespaceUri,6003,Variable
Server_Namespaces_http___opcfoundation_org_UA_SurfaceTechnology_CleaningPretreatment__NamespaceVersion,6004,Variable
Server_Namespaces_http___opcfoundation_org_UA_SurfaceTechnology_CleaningPretreatment__StaticNodeIdTypes,6005,Variable
Server_Namespaces_http___opcfoundation_org_UA_SurfaceTechnology_CleaningPretreatment__StaticNumericNodeIdRange,6006,Variable
Server_Namespaces_http___opcfoundation_org_UA_SurfaceTechnology_CleaningPretreatment__StaticStringNodeIdPattern,6007,Variable
STCompCoolerType_Monitoring_Process_CoolingPower_AnalogSignal,6008,Variable
STCompCoolerType_Monitoring_Process_CoolingPower_AnalogSignal_EngineeringUnits,6009,Variable
STCompCoolerType_Monitoring_Process_CoolingPower_AnalogSignal_EURange,6010,Variable
STCompCoolerType_Monitoring_Process_CoolingPower_SignalTag,6011,Variable
STCompCoolerType_Monitoring_Process_Temperature_AnalogSignal,6012,Variable
STCompCoolerType_Monitoring_Process_Temperature_AnalogSignal_EngineeringUnits,6013,Variable
STCompCoolerType_Monitoring_Process_Temperature_AnalogSignal_EURange,6014,Variable
STCompCoolerType_Monitoring_Process_Temperature_SignalTag,6015,Variable
STCompCondenserType_Monitoring_Process_Temperature_AnalogSignal,6016,Variable
STCompCondenserType_Monitoring_Process_Temperature_AnalogSignal_EngineeringUnits,6017,Variable
STCompCondenserType_Monitoring_Process_Temperature_AnalogSignal_EURange,6018,Variable
STCompCondenserType_Monitoring_Process_Temperature_SignalTag,6019,Variable
STCompDryerType_Monitoring_Process_DryerPower_AnalogSignal,6020,Variable
STCompDryerType_Monitoring_Process_DryerPower_AnalogSignal_EngineeringUnits,6021,Variable
STCompDryerType_Monitoring_Process_DryerPower_AnalogSignal_EURange,6022,Variable
STCompDryerType_Monitoring_Process_DryerPower_SignalTag,6023,Variable
STCompDryerType_Monitoring_Process_Humidity_AnalogSignal,6024,Variable
STCompDryerType_Monitoring_Process_Humidity_AnalogSignal_EngineeringUnits,6025,Variable
STCompDryerType_Monitoring_Process_Humidity_AnalogSignal_EURange,6026,Variable
STCompDryerType_Monitoring_Process_Humidity_SignalTag,6027,Variable
STCompDryerType_Monitoring_Process_Temperature_AnalogSignal,6028,Variable
STCompDryerType_Monitoring_Process_Temperature_AnalogSignal_EngineeringUnits,6029,Variable
STCompDryerType_Monitoring_Process_Temperature_AnalogSignal_EURange,6030,Variable
STCompDryerType_Monitoring_Process_Temperature_SignalTag,6031,Variable
STCompHeaterType_Monitoring_Process_EmissionControl_AnalogSignal,6032,Variable
STCompHeaterType_Monitoring_Process_EmissionControl_AnalogSignal_EngineeringUnits,6033,Variable
STCompHeaterType_Monitoring_Process_EmissionControl_AnalogSignal_EURange,6034,Variable
STCompHeaterType_Monitoring_Process_EmissionControl_SignalTag,6035,Variable
STCompHeaterType_Monitoring_Process_HeatingPower_AnalogSignal,6036,Variable
STCompHeaterType_Monitoring_Process_HeatingPower_AnalogSignal_EngineeringUnits,6037,Variable
STCompHeaterType_Monitoring_Process_HeatingPower_AnalogSignal_EURange,6038,Variable
STCompHeaterType_Monitoring_Process_HeatingPower_SignalTag,6039,Variable
STCompHeaterType_Monitoring_Process_Temperature_AnalogSignal,6040,Variable
STCompHeaterType_Monitoring_Process_Temperature_AnalogSignal_EngineeringUnits,6041,Variable
STCompHeaterType_Monitoring_Process_Temperature_AnalogSignal_EURange,6042,Variable
STCompHeaterType_Monitoring_Process_Temperature_SignalTag,6043,Variable
STCompPressurizedAirType_Monitoring_Process_PressurizedAirPressure_AnalogSignal,6044,Variable
STCompPressurizedAirType_Monitoring_Process_PressurizedAirPressure_AnalogSignal_EngineeringUnits,6045,Variable
STCompPressurizedAirType_Monitoring_Process_PressurizedAirPressure_AnalogSignal_EURange,6046,Variable
STCompPressurizedAirType_Monitoring_Process_PressurizedAirPressure_SignalTag,6047,Variable
STCompPressurizedAirType_Monitoring_Process_PressurizedAirVolumeflow_AnalogSignal,6048,Variable
STCompPressurizedAirType_Monitoring_Process_PressurizedAirVolumeflow_AnalogSignal_EngineeringUnits,6049,Variable
STCompPressurizedAirType_Monitoring_Process_PressurizedAirVolumeflow_AnalogSignal_EURange,6050,Variable
STCompPressurizedAirType_Monitoring_Process_PressurizedAirVolumeflow_SignalTag,6051,Variable
STCompPressurizedAirType_Monitoring_Process_Temperature_AnalogSignal,6052,Variable
STCompPressurizedAirType_Monitoring_Process_Temperature_AnalogSignal_EngineeringUnits,6053,Variable
STCompPressurizedAirType_Monitoring_Process_Temperature_AnalogSignal_EURange,6054,Variable
STCompPressurizedAirType_Monitoring_Process_Temperature_SignalTag,6055,Variable
STCompPumpType_Monitoring_Process_EmissionControl_AnalogSignal,6056,Variable
STCompPumpType_Monitoring_Process_EmissionControl_AnalogSignal_EngineeringUnits,6057,Variable
STCompPumpType_Monitoring_Process_EmissionControl_AnalogSignal_EURange,6058,Variable
STCompPumpType_Monitoring_Process_EmissionControl_SignalTag,6059,Variable
STCompPumpType_Monitoring_Process_InverterFrequency_AnalogSignal,6060,Variable
STCompPumpType_Monitoring_Process_InverterFrequency_AnalogSignal_EngineeringUnits,6061,Variable
STCompPumpType_Monitoring_Process_InverterFrequency_AnalogSignal_EURange,6062,Variable
STCompPumpType_Monitoring_Process_InverterFrequency_SignalTag,6063,Variable
STCompPumpType_Monitoring_Process_InverterPower_AnalogSignal,6064,Variable
STCompPumpType_Monitoring_Process_InverterPower_AnalogSignal_EngineeringUnits,6065,Variable
STCompPumpType_Monitoring_Process_InverterPower_AnalogSignal_EURange,6066,Variable
STCompPumpType_Monitoring_Process_InverterPower_SignalTag,6067,Variable
STCompPumpType_Monitoring_Process_MediaPressure_AnalogSignal,6068,Variable
STCompPumpType_Monitoring_Process_MediaPressure_AnalogSignal_EngineeringUnits,6069,Variable
STCompPumpType_Monitoring_Process_MediaPressure_AnalogSignal_EURange,6070,Variable
STCompPumpType_Monitoring_Process_MediaPressure_SignalTag,6071,Variable
STCompPumpType_Monitoring_Process_MediaVolumeflow_AnalogSignal,6072,Variable
STCompPumpType_Monitoring_Process_MediaVolumeflow_AnalogSignal_EngineeringUnits,6073,Variable
STCompPumpType_Monitoring_Process_MediaVolumeflow_AnalogSignal_EURange,6074,Variable
STCompPumpType_Monitoring_Process_MediaVolumeflow_SignalTag,6075,Variable
STCompPumpType_Monitoring_Process_PumpVibration_AnalogSignal,6076,Variable
STCompPumpType_Monitoring_Process_PumpVibration_AnalogSignal_EngineeringUnits,6077,Variable
STCompPumpType_Monitoring_Process_PumpVibration_AnalogSignal_EURange,6078,Variable
STCompPumpType_Monitoring_Process_PumpVibration_SignalTag,6079,Variable
STCompPumpType_Monitoring_Process_Temperature_AnalogSignal,6080,Variable
STCompPumpType_Monitoring_Process_Temperature_AnalogSignal_EngineeringUnits,6081,Variable
STCompPumpType_Monitoring_Process_Temperature_AnalogSignal_EURange,6082,Variable
STCompPumpType_Monitoring_Process_Temperature_SignalTag,6083,Variable
STCompStirrerType_Monitoring_Process_StirrerSpeed_AnalogSignal,6084,Variable
STCompStirrerType_Monitoring_Process_StirrerSpeed_AnalogSignal_EngineeringUnits,6085,Variable
STCompStirrerType_Monitoring_Process_StirrerSpeed_AnalogSignal_EURange,6086,Variable
STCompStirrerType_Monitoring_Process_StirrerSpeed_SignalTag,6087,Variable
STCompUltrasonicEmitterType_Monitoring_Process_UltrasonicFrequency_AnalogSignal,6088,Variable
STCompUltrasonicEmitterType_Monitoring_Process_UltrasonicFrequency_AnalogSignal_EngineeringUnits,6089,Variable
STCompUltrasonicEmitterType_Monitoring_Process_UltrasonicFrequency_AnalogSignal_EURange,6090,Variable
STCompUltrasonicEmitterType_Monitoring_Process_UltrasonicFrequency_SignalTag,6091,Variable
STCompUltrasonicEmitterType_Monitoring_Process_UltrasonicPower_AnalogSignal,6092,Variable
STCompUltrasonicEmitterType_Monitoring_Process_UltrasonicPower_AnalogSignal_EngineeringUnits,6093,Variable
STCompUltrasonicEmitterType_Monitoring_Process_UltrasonicPower_AnalogSignal_EURange,6094,Variable
STCompUltrasonicEmitterType_Monitoring_Process_UltrasonicPower_SignalTag,6095,Variable
STCompValveType_Monitoring_Process_ValveOpeningAngle_AnalogSignal,6096,Variable
STCompValveType_Monitoring_Process_ValveOpeningAngle_AnalogSignal_EngineeringUnits,6097,Variable
STCompValveType_Monitoring_Process_ValveOpeningAngle_AnalogSignal_EURange,6098,Variable
STCompValveType_Monitoring_Process_ValveOpeningAngle_SignalTag,6099,Variable
STCompValveType_Monitoring_Process_ValveOpeningTime_AnalogSignal,6100,Variable
STCompValveType_Monitoring_Process_ValveOpeningTime_AnalogSignal_EngineeringUnits,6101,Variable
STCompValveType_Monitoring_Process_ValveOpeningTime_AnalogSignal_EURange,6102,Variable
STCompValveType_Monitoring_Process_ValveOpeningTime_SignalTag,6103,Variable
STCompVesselType_Monitoring_Process_CoolingPower_AnalogSignal,6104,Variable
STCompVesselType_Monitoring_Process_CoolingPower_AnalogSignal_EngineeringUnits,6105,Variable
STCompVesselType_Monitoring_Process_CoolingPower_AnalogSignal_EURange,6106,Variable
STCompVesselType_Monitoring_Process_CoolingPower_SignalTag,6107,Variable
STCompVesselType_Monitoring_Process_CorrosionProtectionConcentration_AnalogSignal,6108,Variable
STCompVesselType_Monitoring_Process_CorrosionProtectionConcentration_AnalogSignal_EngineeringUnits,6109,Variable
STCompVesselType_Monitoring_Process_CorrosionProtectionConcentration_AnalogSignal_EURange,6110,Variable
STCompVesselType_Monitoring_Process_CorrosionProtectionConcentration_SignalTag,6111,Variable
STCompVesselType_Monitoring_Process_DryerPower_AnalogSignal,6112,Variable
STCompVesselType_Monitoring_Process_DryerPower_AnalogSignal_EngineeringUnits,6113,Variable
STCompVesselType_Monitoring_Process_DryerPower_AnalogSignal_EURange,6114,Variable
STCompVesselType_Monitoring_Process_DryerPower_SignalTag,6115,Variable
STCompVesselType_Monitoring_Process_FillLevelDiscrete_MultiStateDiscreteSignal,6116,Variable
STCompVesselType_Monitoring_Process_FillLevelDiscrete_MultiStateDiscreteSignal_EnumDictionaryEntries,6117,Variable
STCompVesselType_Monitoring_Process_FillLevelDiscrete_MultiStateDiscreteSignal_EnumValues,6118,Variable
STCompVesselType_Monitoring_Process_FillLevelDiscrete_MultiStateDiscreteSignal_ValueAsText,6119,Variable
STCompVesselType_Monitoring_Process_FillLevelDiscrete_SignalTag,6120,Variable
STCompVesselType_Monitoring_Process_ChamberPressure_AnalogSignal,6121,Variable
STCompVesselType_Monitoring_Process_ChamberPressure_AnalogSignal_EngineeringUnits,6122,Variable
STCompVesselType_Monitoring_Process_ChamberPressure_AnalogSignal_EURange,6123,Variable
STCompVesselType_Monitoring_Process_ChamberPressure_SignalTag,6124,Variable
STCompVesselType_Monitoring_Process_CavitationIntensity_AnalogSignal,6125,Variable
STCompVesselType_Monitoring_Process_FluorescenceLiquid_AnalogSignal,6126,Variable
STCompVesselType_Monitoring_Process_FluorescenceLiquid_AnalogSignal_EngineeringUnits,6127,Variable
STCompVesselType_Monitoring_Process_FluorescenceLiquid_AnalogSignal_EURange,6128,Variable
STCompVesselType_Monitoring_Process_FluorescenceLiquid_SignalTag,6129,Variable
STCompVesselType_Monitoring_Process_HeatingPower_AnalogSignal,6130,Variable
STCompVesselType_Monitoring_Process_HeatingPower_AnalogSignal_EngineeringUnits,6131,Variable
STCompVesselType_Monitoring_Process_HeatingPower_AnalogSignal_EURange,6132,Variable
STCompVesselType_Monitoring_Process_HeatingPower_SignalTag,6133,Variable
STCompVesselType_Monitoring_Process_LevelCavitationNoise_AnalogSignal,6134,Variable
STCompVesselType_Monitoring_Process_LevelCavitationNoise_AnalogSignal_EngineeringUnits,6135,Variable
STCompVesselType_Monitoring_Process_LevelCavitationNoise_AnalogSignal_EURange,6136,Variable
STCompVesselType_Monitoring_Process_LevelCavitationNoise_SignalTag,6137,Variable
STCompVesselType_Monitoring_Process_NonVolatileResidualsLiquid_AnalogSignal,6138,Variable
STCompVesselType_Monitoring_Process_NonVolatileResidualsLiquid_AnalogSignal_EngineeringUnits,6139,Variable
STCompVesselType_Monitoring_Process_NonVolatileResidualsLiquid_AnalogSignal_EURange,6140,Variable
STCompVesselType_Monitoring_Process_NonVolatileResidualsLiquid_SignalTag,6141,Variable
STCompVesselType_Monitoring_Process_OilContaminantConcentration_AnalogSignal,6142,Variable
STCompVesselType_Monitoring_Process_OilContaminantConcentration_AnalogSignal_EngineeringUnits,6143,Variable
STCompVesselType_Monitoring_Process_OilContaminantConcentration_AnalogSignal_EURange,6144,Variable
STCompVesselType_Monitoring_Process_OilContaminantConcentration_SignalTag,6145,Variable
STCompVesselType_Monitoring_Process_ParticleCountClassXLiquid_AnalogSignal,6146,Variable
STCompVesselType_Monitoring_Process_ParticleCountClassXLiquid_AnalogSignal_EngineeringUnits,6147,Variable
STCompVesselType_Monitoring_Process_ParticleCountClassXLiquid_AnalogSignal_EURange,6148,Variable
STCompVesselType_Monitoring_Process_ParticleCountClassXLiquid_SignalTag,6149,Variable
STCompVesselType_Monitoring_Process_ParticleWeightLiquid_AnalogSignal,6150,Variable
STCompVesselType_Monitoring_Process_ParticleWeightLiquid_AnalogSignal_EngineeringUnits,6151,Variable
STCompVesselType_Monitoring_Process_ParticleWeightLiquid_AnalogSignal_EURange,6152,Variable
STCompVesselType_Monitoring_Process_ParticleWeightLiquid_SignalTag,6153,Variable
STCompVesselType_Monitoring_Process_phValue_AnalogSignal,6154,Variable
STCompVesselType_Monitoring_Process_phValue_AnalogSignal_EngineeringUnits,6155,Variable
STCompVesselType_Monitoring_Process_phValue_AnalogSignal_EURange,6156,Variable
STCompVesselType_Monitoring_Process_phValue_SignalTag,6157,Variable
STCompVesselType_Monitoring_Process_QualityIndexLiquid_AnalogSignal,6158,Variable
STCompVesselType_Monitoring_Process_QualityIndexLiquid_AnalogSignal_EngineeringUnits,6159,Variable
STCompVesselType_Monitoring_Process_QualityIndexLiquid_AnalogSignal_EURange,6160,Variable
STCompVesselType_Monitoring_Process_QualityIndexLiquid_SignalTag,6161,Variable
STCompVesselType_Monitoring_Process_SurfactantConcentration_AnalogSignal,6162,Variable
STCompVesselType_Monitoring_Process_SurfactantConcentration_AnalogSignal_EngineeringUnits,6163,Variable
STCompVesselType_Monitoring_Process_SurfactantConcentration_AnalogSignal_EURange,6164,Variable
STCompVesselType_Monitoring_Process_SurfactantConcentration_SignalTag,6165,Variable
STCompVesselType_Monitoring_Process_Temperature_AnalogSignal,6166,Variable
STCompVesselType_Monitoring_Process_Temperature_AnalogSignal_EngineeringUnits,6167,Variable
STCompVesselType_Monitoring_Process_Temperature_AnalogSignal_EURange,6168,Variable
STCompVesselType_Monitoring_Process_Temperature_SignalTag,6169,Variable
STCompVesselType_Monitoring_Process_TotalOrganicCarbon_AnalogSignal,6170,Variable
STCompVesselType_Monitoring_Process_TotalOrganicCarbon_AnalogSignal_EngineeringUnits,6171,Variable
STCompVesselType_Monitoring_Process_TotalOrganicCarbon_AnalogSignal_EURange,6172,Variable
STCompVesselType_Monitoring_Process_TotalOrganicCarbon_SignalTag,6173,Variable
STCompVesselType_Monitoring_Process_UltrasonicFrequency_AnalogSignal,6174,Variable
STCompVesselType_Monitoring_Process_UltrasonicFrequency_AnalogSignal_EngineeringUnits,6175,Variable
STCompVesselType_Monitoring_Process_UltrasonicFrequency_AnalogSignal_EURange,6176,Variable
STCompVesselType_Monitoring_Process_UltrasonicFrequency_SignalTag,6177,Variable
STCompVesselType_Monitoring_Process_UltrasonicPower_AnalogSignal,6178,Variable
STCompVesselType_Monitoring_Process_UltrasonicPower_AnalogSignal_EngineeringUnits,6179,Variable
STCompVesselType_Monitoring_Process_UltrasonicPower_AnalogSignal_EURange,6180,Variable
STCompVesselType_Monitoring_Process_UltrasonicPower_SignalTag,6181,Variable
STCompVesselType_Monitoring_Process_VolatileResidualsLiquid_AnalogSignal,6182,Variable
STCompVesselType_Monitoring_Process_VolatileResidualsLiquid_AnalogSignal_EngineeringUnits,6183,Variable
STCompVesselType_Monitoring_Process_VolatileResidualsLiquid_AnalogSignal_EURange,6184,Variable
STCompVesselType_Monitoring_Process_VolatileResidualsLiquid_SignalTag,6185,Variable
STSysAuxiliaryType_Monitoring_Process_ParticleCountClassXLiquid_AnalogSignal,6186,Variable
STSysAuxiliaryType_Monitoring_Process_ParticleCountClassXLiquid_AnalogSignal_EngineeringUnits,6187,Variable
STSysAuxiliaryType_Monitoring_Process_ParticleCountClassXLiquid_AnalogSignal_EURange,6188,Variable
STSysAuxiliaryType_Monitoring_Process_ParticleCountClassXLiquid_SignalTag,6189,Variable
STSysConveyorType_Monitoring_Process_MovementSpeed_AnalogSignal,6190,Variable
STSysConveyorType_Monitoring_Process_MovementSpeed_AnalogSignal_EngineeringUnits,6191,Variable
STSysConveyorType_Monitoring_Process_MovementSpeed_AnalogSignal_EURange,6192,Variable
STSysConveyorType_Monitoring_Process_MovementSpeed_SignalTag,6193,Variable
STSysDryingType_Monitoring_Process_EmissionControl_AnalogSignal,6194,Variable
STSysDryingType_Monitoring_Process_EmissionControl_AnalogSignal_EngineeringUnits,6195,Variable
STSysDryingType_Monitoring_Process_EmissionControl_AnalogSignal_EURange,6196,Variable
STSysDryingType_Monitoring_Process_EmissionControl_SignalTag,6197,Variable
STSysDryingType_Monitoring_Process_Humidity_AnalogSignal,6198,Variable
STSysDryingType_Monitoring_Process_Humidity_AnalogSignal_EngineeringUnits,6199,Variable
STSysDryingType_Monitoring_Process_Humidity_AnalogSignal_EURange,6200,Variable
STSysDryingType_Monitoring_Process_Humidity_SignalTag,6201,Variable
STSysHandlingType_Monitoring_Process_MovementSpeed_AnalogSignal,6202,Variable
STSysHandlingType_Monitoring_Process_MovementSpeed_AnalogSignal_EngineeringUnits,6203,Variable
STSysHandlingType_Monitoring_Process_MovementSpeed_AnalogSignal_EURange,6204,Variable
STSysHandlingType_Monitoring_Process_MovementSpeed_SignalTag,6205,Variable
STSysQualityControlType_Monitoring_Process_FluorescencePart_AnalogSignal,6206,Variable
STSysQualityControlType_Monitoring_Process_FluorescencePart_AnalogSignal_EngineeringUnits,6207,Variable
STSysQualityControlType_Monitoring_Process_FluorescencePart_AnalogSignal_EURange,6208,Variable
STSysQualityControlType_Monitoring_Process_FluorescencePart_SignalTag,6209,Variable
STSysQualityControlType_Monitoring_Process_NonVolatileResidualsPart_AnalogSignal,6210,Variable
STSysQualityControlType_Monitoring_Process_NonVolatileResidualsPart_AnalogSignal_EngineeringUnits,6211,Variable
STSysQualityControlType_Monitoring_Process_NonVolatileResidualsPart_AnalogSignal_EURange,6212,Variable
STSysQualityControlType_Monitoring_Process_NonVolatileResidualsPart_SignalTag,6213,Variable
STSysQualityControlType_Monitoring_Process_ParticleCountClassXLiquid_AnalogSignal,6214,Variable
STSysQualityControlType_Monitoring_Process_ParticleCountClassXLiquid_AnalogSignal_EngineeringUnits,6215,Variable
STSysQualityControlType_Monitoring_Process_ParticleCountClassXLiquid_AnalogSignal_EURange,6216,Variable
STSysQualityControlType_Monitoring_Process_ParticleCountClassXLiquid_SignalTag,6217,Variable
STSysQualityControlType_Monitoring_Process_ParticleCountClassXPart_AnalogSignal,6218,Variable
STSysQualityControlType_Monitoring_Process_ParticleCountClassXPart_AnalogSignal_EngineeringUnits,6219,Variable
STSysQualityControlType_Monitoring_Process_ParticleCountClassXPart_AnalogSignal_EURange,6220,Variable
STSysQualityControlType_Monitoring_Process_ParticleCountClassXPart_SignalTag,6221,Variable
STSysQualityControlType_Monitoring_Process_ParticleWeightPart_AnalogSignal,6222,Variable
STSysQualityControlType_Monitoring_Process_ParticleWeightPart_AnalogSignal_EngineeringUnits,6223,Variable
STSysQualityControlType_Monitoring_Process_ParticleWeightPart_AnalogSignal_EURange,6224,Variable
STSysQualityControlType_Monitoring_Process_ParticleWeightPart_SignalTag,6225,Variable
STSysQualityControlType_Monitoring_Process_QualityIndexPart_AnalogSignal,6226,Variable
STSysQualityControlType_Monitoring_Process_QualityIndexPart_AnalogSignal_EngineeringUnits,6227,Variable
STSysQualityControlType_Monitoring_Process_QualityIndexPart_AnalogSignal_EURange,6228,Variable
STSysQualityControlType_Monitoring_Process_QualityIndexPart_SignalTag,6229,Variable
STSysQualityControlType_Monitoring_Process_ResidualGasAnalysisHeavyHydrocarbons_AnalogSignal,6230,Variable
STSysQualityControlType_Monitoring_Process_ResidualGasAnalysisHeavyHydrocarbons_AnalogSignal_EngineeringUnits,6231,Variable
STSysQualityControlType_Monitoring_Process_ResidualGasAnalysisHeavyHydrocarbons_AnalogSignal_EURange,6232,Variable
STSysQualityControlType_Monitoring_Process_ResidualGasAnalysisHeavyHydrocarbons_SignalTag,6233,Variable
STSysQualityControlType_Monitoring_Process_ResidualGasAnalysisLightHydrocarbons_AnalogSignal,6234,Variable
STSysQualityControlType_Monitoring_Process_ResidualGasAnalysisLightHydrocarbons_AnalogSignal_EngineeringUnits,6235,Variable
STSysQualityControlType_Monitoring_Process_ResidualGasAnalysisLightHydrocarbons_AnalogSignal_EURange,6236,Variable
STSysQualityControlType_Monitoring_Process_ResidualGasAnalysisLightHydrocarbons_SignalTag,6237,Variable
STSysQualityControlType_Monitoring_Process_ResidualGasAnalysisWater_AnalogSignal,6238,Variable
STSysQualityControlType_Monitoring_Process_ResidualGasAnalysisWater_AnalogSignal_EngineeringUnits,6239,Variable
STSysQualityControlType_Monitoring_Process_ResidualGasAnalysisWater_AnalogSignal_EURange,6240,Variable
STSysQualityControlType_Monitoring_Process_ResidualGasAnalysisWater_SignalTag,6241,Variable
STCompVesselType_Monitoring_Process_AlkalinityFree_AnalogSignal,6242,Variable
STCompVesselType_Monitoring_Process_AlkalinityFree_AnalogSignal_EngineeringUnits,6243,Variable
STCompVesselType_Monitoring_Process_AlkalinityFree_AnalogSignal_EURange,6244,Variable
STCompVesselType_Monitoring_Process_AlkalinityFree_SignalTag,6245,Variable
STCompVesselType_Monitoring_Process_AlkalinityTotal_AnalogSignal,6246,Variable
STCompVesselType_Monitoring_Process_AlkalinityTotal_AnalogSignal_EngineeringUnits,6247,Variable
STCompVesselType_Monitoring_Process_AlkalinityTotal_AnalogSignal_EURange,6248,Variable
STCompVesselType_Monitoring_Process_AlkalinityTotal_SignalTag,6249,Variable
STCompVesselType_Monitoring_Process_AcidityFree_AnalogSignal,6250,Variable
STCompVesselType_Monitoring_Process_AcidityFree_AnalogSignal_EngineeringUnits,6251,Variable
STCompVesselType_Monitoring_Process_AcidityFree_AnalogSignal_EURange,6252,Variable
STCompVesselType_Monitoring_Process_AcidityFree_SignalTag,6253,Variable
STCompVesselType_Monitoring_Process_AcidityTotal_AnalogSignal,6254,Variable
STCompVesselType_Monitoring_Process_AcidityTotal_AnalogSignal_EngineeringUnits,6255,Variable
STCompVesselType_Monitoring_Process_AcidityTotal_AnalogSignal_EURange,6256,Variable
STCompVesselType_Monitoring_Process_AcidityTotal_SignalTag,6257,Variable
STCompVesselType_Monitoring_Process_Conductivity_AnalogSignal,6258,Variable
STCompVesselType_Monitoring_Process_Conductivity_AnalogSignal_EngineeringUnits,6259,Variable
STCompVesselType_Monitoring_Process_Conductivity_AnalogSignal_EURange,6260,Variable
STCompVesselType_Monitoring_Process_Conductivity_SignalTag,6261,Variable
STCompVesselType_Monitoring_Process_CleaningAgentConcentration_AnalogSignal,6262,Variable
STCompVesselType_Monitoring_Process_CleaningAgentConcentration_AnalogSignal_EngineeringUnits,6263,Variable
STCompVesselType_Monitoring_Process_CleaningAgentConcentration_AnalogSignal_EURange,6264,Variable
STCompVesselType_Monitoring_Process_CleaningAgentConcentration_SignalTag,6265,Variable
STCompVesselType_Monitoring_Process_BuilderConcentration_AnalogSignal,6266,Variable
STCompVesselType_Monitoring_Process_BuilderConcentration_AnalogSignal_EngineeringUnits,6267,Variable
STCompVesselType_Monitoring_Process_BuilderConcentration_AnalogSignal_EURange,6268,Variable
STCompVesselType_Monitoring_Process_BuilderConcentration_SignalTag,6269,Variable
STCompVesselType_Monitoring_Process_CavitationIntensity_AnalogSignal_EngineeringUnits,6270,Variable
STCompVesselType_Monitoring_Process_CavitationIntensity_AnalogSignal_EURange,6271,Variable
STCompVesselType_Monitoring_Process_CavitationIntensity_SignalTag,6272,Variable
STCompVesselType_Monitoring_Process_FillLevel,6273,Object
STCompVesselType_Monitoring_Process_FillLevel_AnalogSignal,6274,Variable
STCompVesselType_Monitoring_Process_FillLevel_AnalogSignal_EngineeringUnits,6275,Variable
STCompVesselType_Monitoring_Process_FillLevel_AnalogSignal_EURange,6276,Variable
STCompVesselType_Monitoring_Process_FillLevel_SignalTag,6277,Variable
