BeltConveyorType,1003,ObjectType
DriveControllerType,1004,ObjectType
ConveyorDriveType,1005,ObjectType
ConveyorBrakeType,1006,ObjectType
PulleyType,1007,ObjectType
WeatherStationType,1008,ObjectType
BeltType,1009,ObjectType
IdlerType,1010,ObjectType
BeltScaleType,1011,ObjectType
BeltSectionType,1012,ObjectType
ConveyorRollType,1013,ObjectType
ScraperType,1014,ObjectType
BeltSpliceType,1015,ObjectType
BeltConveyorOutOfServiceSubState_StateMachineType,1016,ObjectType
BeltConveyorNotExecutingSubState_StateMachineType,1017,ObjectType
BeltConveyorExecutingSubState_StateMachineType,1018,ObjectType
PulleyLaggingType,1019,ObjectType
BeltConveyorMachineryItemState_StateMachineType,1021,ObjectType
ConveyorDriveType_MachineryBuildingBlocks,5001,Object
BeltConveyorType_MachineryBuildingBlocks,5002,Object
BeltConveyorType_Monitoring,5003,Object
BeltConveyorType_MiningEquipmentIdentification,5004,Object
ConveyorDriveType_MiningEquipmentIdentification,5005,Object
DriveControllerType_MachineryBuildingBlocks,5006,Object
DriveControllerType_MethodSet,5007,Object
DriveControllerType_MiningEquipmentIdentification,5008,Object
ConveyorDriveType_Monitoring,5009,Object
ConveyorDriveType_Monitoring_Process,5010,Object
ConveyorDriveType_Monitoring_Status,5011,Object
ConveyorDriveType_Monitoring_Status_MachineryItemState,5012,Object
ConveyorBrakeType_MachineryBuildingBlocks,5013,Object
ConveyorBrakeType_MiningEquipmentIdentification,5014,Object
ConveyorBrakeType_Monitoring,5015,Object
ConveyorBrakeType_Monitoring_Process,5016,Object
ConveyorBrakeType_Monitoring_Status,5017,Object
ConveyorBrakeType_Monitoring_Status_MachineryItemState,5018,Object
BeltType_MachineProperties,5019,Object
BeltType_MachineryBuildingBlocks,5020,Object
BeltType_MiningEquipmentIdentification,5021,Object
BeltType_Monitoring,5022,Object
BeltType_Monitoring_Process,5023,Object
BeltType_Monitoring_Status,5024,Object
BeltSectionType_MiningEquipmentIdentification,5025,Object
BeltSectionType_MachineryBuildingBlocks,5026,Object
BeltSpliceType_MiningEquipmentIdentification,5027,Object
BeltSpliceType_MachineryBuildingBlocks,5028,Object
BeltType_Components,5029,Object
BeltType_Components_BeltSection,5030,Object
BeltType_Components_BeltSection_MachineryBuildingBlocks,5031,Object
BeltType_Components_BeltSection_MiningEquipmentIdentification,5032,Object
BeltType_Components_BeltSplice,5033,Object
BeltType_Components_BeltSplice_MachineryBuildingBlocks,5034,Object
BeltType_Components_BeltSplice_MiningEquipmentIdentification,5035,Object
PulleyType_MachineProperties,5036,Object
PulleyType_MachineryBuildingBlocks,5037,Object
PulleyType_MiningEquipmentIdentification,5038,Object
PulleyType_Monitoring,5039,Object
PulleyType_Monitoring_Process,5040,Object
PulleyType_Monitoring_Status,5041,Object
PulleyType_Monitoring_Status_MachineryItemState,5042,Object
BeltScaleType_MachineryBuildingBlocks,5043,Object
BeltScaleType_MiningEquipmentIdentification,5044,Object
BeltScaleType_Monitoring,5045,Object
WeatherStationType_MachineryBuildingBlocks,5046,Object
WeatherStationType_MiningEquipmentIdentification,5047,Object
WeatherStationType_Monitoring,5048,Object
WeatherStationType_Monitoring_Process,5049,Object
WeatherStationType_Monitoring_Status,5050,Object
WeatherStationType_Monitoring_Status_MachineryItemState,5051,Object
ScraperType_MachineryBuildingBlocks,5052,Object
ScraperType_MiningEquipmentIdentification,5053,Object
ScraperType_Monitoring,5054,Object
IdlerType_MachineryBuildingBlocks,5055,Object
ScraperType_Monitoring_Status,5056,Object
ScraperType_Monitoring_Status_MachineryItemState,5057,Object
IdlerType_MiningEquipmentIdentification,5058,Object
IdlerType_Components,5059,Object
IdlerType_Components_ConveyorRoll,5060,Object
BeltConveyorOutOfServiceSubState_StateMachineType_Booting,5061,Object
BeltConveyorOutOfServiceSubState_StateMachineType_NoClearance,5062,Object
BeltConveyorOutOfServiceSubState_StateMachineType_FromBootingToNoClearance,5063,Object
BeltConveyorOutOfServiceSubState_StateMachineType_FromNoClearanceToBooting,5064,Object
BeltConveyorNotExecutingSubState_StateMachineType_BrakeClosed,5065,Object
BeltConveyorNotExecutingSubState_StateMachineType_IsStopped,5066,Object
BeltConveyorNotExecutingSubState_StateMachineType_Ready,5067,Object
BeltConveyorNotExecutingSubState_StateMachineType_AlertSignal,5068,Object
BeltConveyorNotExecutingSubState_StateMachineType_FromBrakeClosedToIsStopped,5069,Object
BeltConveyorNotExecutingSubState_StateMachineType_FromBrakeClosedToReady,5070,Object
BeltConveyorNotExecutingSubState_StateMachineType_FromBrakeClosedToAlertSignal,5071,Object
BeltConveyorNotExecutingSubState_StateMachineType_FromIsStoppedToBrakeClosed,5072,Object
BeltConveyorNotExecutingSubState_StateMachineType_FromIsStoppedToReady,5073,Object
BeltConveyorNotExecutingSubState_StateMachineType_FromIsStoppedToAlertSignal,5074,Object
BeltConveyorNotExecutingSubState_StateMachineType_FromReadyToBrakeClosed,5075,Object
BeltConveyorNotExecutingSubState_StateMachineType_FromReadyToIsStopped,5076,Object
BeltConveyorNotExecutingSubState_StateMachineType_FromReadyToAlertSignal,5077,Object
BeltConveyorNotExecutingSubState_StateMachineType_FromAlertSignalToBrakeClosed,5078,Object
BeltConveyorNotExecutingSubState_StateMachineType_FromAlertSignalToIsStopped,5079,Object
BeltConveyorNotExecutingSubState_StateMachineType_FromAlertSignalToReady,5080,Object
BeltConveyorExecutingSubState_StateMachineType_ReverseRunning,5081,Object
BeltConveyorExecutingSubState_StateMachineType_ForwardRunning,5082,Object
BeltConveyorExecutingSubState_StateMachineType_InitialStopping,5083,Object
BeltConveyorExecutingSubState_StateMachineType_FromReverseRunningToInitialStopping,5084,Object
BeltConveyorExecutingSubState_StateMachineType_FromForwardRunningToInitialStopping,5085,Object
BeltConveyorMachineryItemState_StateMachineType_BeltConveyorOutOfServiceSubState,5086,Object
BeltConveyorMachineryItemState_StateMachineType_BeltConveyorNotExecutingSubState,5087,Object
BeltConveyorMachineryItemState_StateMachineType_BeltConveyorExecutingSubState,5088,Object
Server_Namespaces_http___opcfoundation_org_UA_Mining_TransportDumping_Conveying_,5089,Object
BeltConveyorType_Components,5090,Object
BeltConveyorType_Components_DriveController,5091,Object
BeltConveyorType_Components_DriveController_MachineryBuildingBlocks,5092,Object
BeltConveyorType_Components_DriveController_MiningEquipmentIdentification,5093,Object
BeltConveyorType_Components_ConveyorDrive,5094,Object
BeltConveyorType_Components_ConveyorDrive_MachineryBuildingBlocks,5095,Object
BeltConveyorType_Components_ConveyorDrive_MiningEquipmentIdentification,5096,Object
BeltConveyorType_Components_ConveyorBrake,5097,Object
BeltConveyorType_Components_ConveyorBrake_MachineryBuildingBlocks,5098,Object
BeltConveyorType_Components_ConveyorBrake_MiningEquipmentIdentification,5099,Object
BeltConveyorType_Components_Belt,5100,Object
BeltConveyorType_Components_Belt_Components,5101,Object
BeltConveyorType_Components_Belt_MachineryBuildingBlocks,5102,Object
BeltConveyorType_Components_Belt_MiningEquipmentIdentification,5103,Object
BeltConveyorType_Components_Belt_Monitoring,5104,Object
BeltConveyorType_Components_Pulley,5105,Object
BeltConveyorType_Components_Pulley_MachineryBuildingBlocks,5106,Object
BeltConveyorType_Components_Pulley_MiningEquipmentIdentification,5107,Object
BeltConveyorType_Components_BeltScale,5108,Object
BeltConveyorType_Components_BeltScale_MachineryBuildingBlocks,5109,Object
BeltConveyorType_Components_BeltScale_MiningEquipmentIdentification,5110,Object
BeltConveyorType_Components_WeatherStation,5111,Object
BeltConveyorType_Components_WeatherStation_MachineryBuildingBlocks,5112,Object
BeltConveyorType_Components_WeatherStation_MiningEquipmentIdentification,5113,Object
BeltConveyorType_Components_Scraper,5114,Object
BeltConveyorType_Components_Scraper_MachineryBuildingBlocks,5115,Object
BeltConveyorType_Components_Scraper_MiningEquipmentIdentification,5116,Object
BeltConveyorType_Components_Idler,5117,Object
BeltConveyorType_Components_Idler_MachineryBuildingBlocks,5118,Object
BeltConveyorType_Components_Idler_MiningEquipmentIdentification,5119,Object
BeltConveyorType_Monitoring_Status,5120,Object
BeltConveyorType_Monitoring_Status_MachineryItemState,5121,Object
BeltConveyorType_Monitoring_Status_MachineryItemState_BeltConveyorExecutingSubState,5122,Object
BeltConveyorType_Monitoring_Status_MachineryItemState_BeltConveyorNotExecutingSubState,5123,Object
BeltConveyorType_Monitoring_Status_MachineryItemState_BeltConveyorOutOfServiceSubState,5124,Object
BeltConveyorType_Components_ConveyorBrake_Monitoring,5125,Object
BeltScaleType_Monitoring_Process,5126,Object
PulleyType_Components,5127,Object
PulleyLaggingType_MiningEquipmentIdentification,5128,Object
PulleyLaggingType_MachineryBuildingBlocks,5129,Object
PulleyType_Components_PulleyLagging,5130,Object
PulleyType_Components_PulleyLagging_Identification,5131,Object
PulleyType_Components_PulleyLagging_MachineryBuildingBlocks,5132,Object
PulleyType_Components_PulleyLagging_MiningEquipmentIdentification,5133,Object
BeltConveyorMachineryItemState_StateMachineType_NotAvailable,5134,Object
BeltConveyorMachineryItemState_StateMachineType_OutOfService,5135,Object
BeltConveyorMachineryItemState_StateMachineType_Executing,5136,Object
BeltConveyorMachineryItemState_StateMachineType_NotExecuting,5137,Object
BeltConveyorMachineryItemState_StateMachineType_FromNotAvailableToOutOfService,5138,Object
BeltConveyorMachineryItemState_StateMachineType_FromNotAvailableToNotExecuting,5139,Object
BeltConveyorMachineryItemState_StateMachineType_FromNotAvailableToExecuting,5140,Object
BeltConveyorMachineryItemState_StateMachineType_FromNotAvailableToNotAvailable,5141,Object
BeltConveyorMachineryItemState_StateMachineType_FromOutOfServiceToNotAvailable,5142,Object
BeltConveyorMachineryItemState_StateMachineType_FromOutOfServiceToNotExecuting,5143,Object
BeltConveyorMachineryItemState_StateMachineType_FromOutOfServiceToExecuting,5144,Object
BeltConveyorMachineryItemState_StateMachineType_FromOutOfServiceToOutOfService,5145,Object
BeltConveyorMachineryItemState_StateMachineType_FromNotExecutingToNotAvailable,5146,Object
BeltConveyorMachineryItemState_StateMachineType_FromNotExecutingToOutOfService,5147,Object
BeltConveyorMachineryItemState_StateMachineType_FromNotExecutingToExecuting,5148,Object
BeltConveyorMachineryItemState_StateMachineType_FromNotExecutingToNotExecuting,5149,Object
BeltConveyorMachineryItemState_StateMachineType_FromExecutingToNotAvailable,5150,Object
BeltConveyorMachineryItemState_StateMachineType_FromExecutingToOutOfService,5151,Object
BeltConveyorMachineryItemState_StateMachineType_FromExecutingToNotExecuting,5152,Object
BeltConveyorMachineryItemState_StateMachineType_FromExecutingToExecuting,5153,Object
BeltConveyorType_MiningEquipmentIdentification_AssetId,6001,Variable
BeltConveyorType_MiningEquipmentIdentification_DeviceClass,6002,Variable
BeltConveyorType_MiningEquipmentIdentification_ManufacturerUri,6003,Variable
BeltConveyorType_MiningEquipmentIdentification_Model,6004,Variable
BeltConveyorType_MiningEquipmentIdentification_ProductInstanceUri,6005,Variable
BeltConveyorType_MiningEquipmentIdentification_Manufacturer,6006,Variable
BeltConveyorType_MiningEquipmentIdentification_SerialNumber,6007,Variable
DriveControllerType_MiningEquipmentIdentification_AssetId,6008,Variable
DriveControllerType_MiningEquipmentIdentification_DeviceClass,6009,Variable
DriveControllerType_MiningEquipmentIdentification_ManufacturerUri,6010,Variable
DriveControllerType_MiningEquipmentIdentification_Model,6011,Variable
DriveControllerType_MiningEquipmentIdentification_ProductInstanceUri,6012,Variable
DriveControllerType_MiningEquipmentIdentification_Manufacturer,6013,Variable
DriveControllerType_MiningEquipmentIdentification_SerialNumber,6014,Variable
DriveControllerType_MethodSet_ConveyorStart_InputArguments,6015,Variable
DriveControllerType_MethodSet_ConveyorStart_OutputArguments,6016,Variable
DriveControllerType_MethodSet_ConveyorStop_InputArguments,6017,Variable
DriveControllerType_MethodSet_ConveyorStop_OutputArguments,6018,Variable
ConveyorDriveType_MiningEquipmentIdentification_AssetId,6019,Variable
ConveyorDriveType_MiningEquipmentIdentification_DeviceClass,6020,Variable
ConveyorDriveType_MiningEquipmentIdentification_ManufacturerUri,6021,Variable
ConveyorDriveType_MiningEquipmentIdentification_Model,6022,Variable
ConveyorDriveType_MiningEquipmentIdentification_ProductInstanceUri,6023,Variable
ConveyorDriveType_MiningEquipmentIdentification_Manufacturer,6024,Variable
ConveyorDriveType_MiningEquipmentIdentification_SerialNumber,6025,Variable
ConveyorDriveType_Monitoring_Status_MachineryItemState_CurrentState,6026,Variable
ConveyorDriveType_Monitoring_Status_MachineryItemState_CurrentState_Id,6027,Variable
ConveyorDriveType_Monitoring_Status_MachineryItemState_AvailableStates,6028,Variable
ConveyorDriveType_Monitoring_Status_MachineryItemState_AvailableTransitions,6029,Variable
ConveyorDriveType_Monitoring_Status_MachineryItemState_LastTransition,6030,Variable
ConveyorDriveType_Monitoring_Status_MachineryItemState_LastTransition_Id,6031,Variable
ConveyorDriveType_Monitoring_Status_MachineryItemState_CurrentState_EffectiveDisplayName,6032,Variable
ConveyorDriveType_Monitoring_Status_MachineryItemState_CurrentState_Name,6033,Variable
ConveyorDriveType_Monitoring_Status_MachineryItemState_CurrentState_Number,6034,Variable
ConveyorDriveType_Monitoring_Status_MachineryItemState_LastTransition_EffectiveTransitionTime,6035,Variable
ConveyorDriveType_Monitoring_Status_MachineryItemState_LastTransition_Name,6036,Variable
ConveyorDriveType_Monitoring_Status_MachineryItemState_LastTransition_Number,6037,Variable
ConveyorDriveType_Monitoring_Status_MachineryItemState_LastTransition_TransitionTime,6038,Variable
ConveyorDriveType_Monitoring_Status_BeltRunningDirection,6039,Variable
ConveyorDriveType_Monitoring_Status_BeltRunningDirection_EnumValues,6040,Variable
ConveyorDriveType_Monitoring_Status_BeltRunningDirection_ValueAsText,6041,Variable
ConveyorDriveType_Monitoring_Status_SavedTorqueReached,6042,Variable
ConveyorDriveType_Monitoring_Status_TargetSpeedReached,6043,Variable
ConveyorDriveType_Monitoring_Status_ConveyorStopped,6044,Variable
ConveyorDriveType_Monitoring_Status_AcknowledgeStart,6045,Variable
ConveyorDriveType_Monitoring_Status_ConveyorStarted,6046,Variable
ConveyorDriveType_Monitoring_Process_Torque,6047,Variable
ConveyorDriveType_Monitoring_Process_Torque_EngineeringUnits,6048,Variable
ConveyorDriveType_Monitoring_Process_BeltSpeed,6049,Variable
ConveyorDriveType_Monitoring_Process_BeltSpeed_EngineeringUnits,6050,Variable
ConveyorDriveType_Monitoring_Process_MotorSpeed,6051,Variable
ConveyorDriveType_Monitoring_Process_MotorSpeed_EngineeringUnits,6052,Variable
ConveyorDriveType_Monitoring_Process_MotorPower,6053,Variable
ConveyorDriveType_Monitoring_Process_MotorPower_EngineeringUnits,6054,Variable
ConveyorDriveType_Monitoring_Process_MotorCurrent,6055,Variable
ConveyorDriveType_Monitoring_Process_MotorCurrent_EngineeringUnits,6056,Variable
ConveyorDriveType_Monitoring_Process_SavedTorque,6057,Variable
ConveyorDriveType_Monitoring_Process_SavedTorque_EngineeringUnits,6058,Variable
ConveyorBrakeType_MiningEquipmentIdentification_AssetId,6063,Variable
ConveyorBrakeType_MiningEquipmentIdentification_DeviceClass,6064,Variable
ConveyorBrakeType_MiningEquipmentIdentification_ManufacturerUri,6065,Variable
ConveyorBrakeType_Monitoring_Status_MachineryItemState_CurrentState,6066,Variable
ConveyorBrakeType_Monitoring_Status_MachineryItemState_CurrentState_Id,6067,Variable
ConveyorBrakeType_Monitoring_Status_MachineryItemState_AvailableStates,6068,Variable
ConveyorBrakeType_Monitoring_Status_MachineryItemState_AvailableTransitions,6069,Variable
ConveyorBrakeType_Monitoring_Status_MachineryItemState_LastTransition,6070,Variable
ConveyorBrakeType_Monitoring_Status_MachineryItemState_LastTransition_Id,6071,Variable
ConveyorBrakeType_Monitoring_Status_MachineryItemState_CurrentState_EffectiveDisplayName,6072,Variable
ConveyorBrakeType_Monitoring_Status_MachineryItemState_CurrentState_Name,6073,Variable
ConveyorBrakeType_Monitoring_Status_MachineryItemState_CurrentState_Number,6074,Variable
ConveyorBrakeType_Monitoring_Status_MachineryItemState_LastTransition_EffectiveTransitionTime,6075,Variable
ConveyorBrakeType_Monitoring_Status_MachineryItemState_LastTransition_Name,6076,Variable
ConveyorBrakeType_Monitoring_Status_MachineryItemState_LastTransition_Number,6077,Variable
ConveyorBrakeType_Monitoring_Status_MachineryItemState_LastTransition_TransitionTime,6078,Variable
ConveyorBrakeType_Monitoring_Status_BrakeReleased,6079,Variable
ConveyorBrakeType_Monitoring_Process_ReleaseTime,6080,Variable
ConveyorBrakeType_Monitoring_Process_BrakingTorque,6081,Variable
ConveyorBrakeType_Monitoring_Process_BrakingTorque_EngineeringUnits,6082,Variable
BeltType_MiningEquipmentIdentification_AssetId,6083,Variable
BeltType_MiningEquipmentIdentification_DeviceClass,6084,Variable
BeltType_MiningEquipmentIdentification_ManufacturerUri,6085,Variable
BeltType_MiningEquipmentIdentification_Model,6086,Variable
BeltType_MiningEquipmentIdentification_ProductInstanceUri,6087,Variable
BeltType_MiningEquipmentIdentification_Manufacturer,6088,Variable
BeltType_MiningEquipmentIdentification_SerialNumber,6089,Variable
BeltType_Monitoring_Status_BeltPosition,6090,Variable
BeltType_Monitoring_Status_BeltPosition_EngineeringUnits,6091,Variable
BeltType_Monitoring_Status_BeltSideDeflectionLeft,6092,Variable
BeltType_Monitoring_Status_BeltSideDeflectionRight,6093,Variable
BeltType_Monitoring_Process_BeltTension,6094,Variable
BeltType_Monitoring_Process_BeltTension_EngineeringUnits,6095,Variable
BeltType_Monitoring_Process_BeltPreTension,6096,Variable
BeltType_Monitoring_Process_BeltPreTension_EngineeringUnits,6097,Variable
BeltType_MachineProperties_BeltWidth,6098,Variable
BeltType_MachineProperties_BeltWidth_EngineeringUnits,6099,Variable
BeltSectionType_MiningEquipmentIdentification_AssetId,6100,Variable
BeltSectionType_MiningEquipmentIdentification_DeviceClass,6101,Variable
BeltSectionType_MiningEquipmentIdentification_ManufacturerUri,6102,Variable
BeltSectionType_MiningEquipmentIdentification_Model,6103,Variable
BeltSectionType_MiningEquipmentIdentification_ProductInstanceUri,6104,Variable
BeltSectionType_MiningEquipmentIdentification_Manufacturer,6105,Variable
BeltSectionType_MiningEquipmentIdentification_SerialNumber,6106,Variable
BeltSectionType_ProductionSite,6107,Variable
BeltSectionType_BeltSection,6108,Variable
BeltSectionType_BeltSection_EngineeringUnits,6109,Variable
BeltSectionType_EmbeddedSensorTag,6110,Variable
BeltSectionType_BeltThickness,6111,Variable
BeltSectionType_BeltThickness_EngineeringUnits,6112,Variable
BeltSectionType_BeltThickness_DateOfMeasurement,6113,Variable
BeltSpliceType_MiningEquipmentIdentification_AssetId,6114,Variable
BeltSpliceType_MiningEquipmentIdentification_DeviceClass,6115,Variable
BeltSpliceType_MiningEquipmentIdentification_ManufacturerUri,6116,Variable
BeltSpliceType_MiningEquipmentIdentification_Model,6117,Variable
BeltSpliceType_MiningEquipmentIdentification_ProductInstanceUri,6118,Variable
BeltSpliceType_MiningEquipmentIdentification_Manufacturer,6119,Variable
BeltSpliceType_MiningEquipmentIdentification_SerialNumber,6120,Variable
BeltSpliceType_Length,6121,Variable
BeltSpliceType_Length_EngineeringUnits,6122,Variable
BeltSpliceType_NumberOfSteps,6123,Variable
BeltSpliceType_NumberOfSteps_EngineeringUnits,6124,Variable
BeltSpliceType_BeltSpliceNumber,6125,Variable
BeltSpliceType_BeltSpliceNumber_EngineeringUnits,6126,Variable
BeltSpliceType_StatusSplice,6127,Variable
BeltSpliceType_StatusSplice_EnumValues,6128,Variable
BeltSpliceType_StatusSplice_ValueAsText,6129,Variable
BeltType_Components_BeltSection_MiningEquipmentIdentification_AssetId,6130,Variable
BeltType_Components_BeltSection_MiningEquipmentIdentification_DeviceClass,6131,Variable
BeltType_Components_BeltSection_MiningEquipmentIdentification_Manufacturer,6132,Variable
BeltType_Components_BeltSection_MiningEquipmentIdentification_ManufacturerUri,6133,Variable
BeltType_Components_BeltSection_MiningEquipmentIdentification_Model,6134,Variable
BeltType_Components_BeltSection_MiningEquipmentIdentification_ProductInstanceUri,6135,Variable
BeltType_Components_BeltSection_MiningEquipmentIdentification_SerialNumber,6136,Variable
BeltType_Components_BeltSplice_MiningEquipmentIdentification_AssetId,6137,Variable
BeltType_Components_BeltSplice_MiningEquipmentIdentification_DeviceClass,6138,Variable
BeltType_Components_BeltSplice_MiningEquipmentIdentification_Manufacturer,6139,Variable
BeltType_Components_BeltSplice_MiningEquipmentIdentification_ManufacturerUri,6140,Variable
BeltType_Components_BeltSplice_MiningEquipmentIdentification_Model,6141,Variable
BeltType_Components_BeltSplice_MiningEquipmentIdentification_ProductInstanceUri,6142,Variable
BeltType_Components_BeltSplice_MiningEquipmentIdentification_SerialNumber,6143,Variable
PulleyType_MiningEquipmentIdentification_AssetId,6144,Variable
PulleyType_MiningEquipmentIdentification_DeviceClass,6145,Variable
PulleyType_MiningEquipmentIdentification_ManufacturerUri,6146,Variable
PulleyType_MiningEquipmentIdentification_Model,6147,Variable
PulleyType_MiningEquipmentIdentification_ProductInstanceUri,6148,Variable
PulleyType_MiningEquipmentIdentification_Manufacturer,6149,Variable
PulleyType_MiningEquipmentIdentification_SerialNumber,6150,Variable
PulleyType_Monitoring_Status_MachineryItemState_CurrentState,6151,Variable
PulleyType_Monitoring_Status_MachineryItemState_CurrentState_Id,6152,Variable
PulleyType_Monitoring_Status_MachineryItemState_AvailableStates,6153,Variable
PulleyType_Monitoring_Status_MachineryItemState_AvailableTransitions,6154,Variable
PulleyType_Monitoring_Status_MachineryItemState_LastTransition,6155,Variable
PulleyType_Monitoring_Status_MachineryItemState_LastTransition_Id,6156,Variable
PulleyType_Monitoring_Status_MachineryItemState_CurrentState_EffectiveDisplayName,6157,Variable
PulleyType_Monitoring_Status_MachineryItemState_CurrentState_Name,6158,Variable
PulleyType_Monitoring_Status_MachineryItemState_CurrentState_Number,6159,Variable
PulleyType_Monitoring_Status_MachineryItemState_LastTransition_EffectiveTransitionTime,6160,Variable
PulleyType_Monitoring_Status_MachineryItemState_LastTransition_Name,6161,Variable
PulleyType_Monitoring_Status_MachineryItemState_LastTransition_Number,6162,Variable
PulleyType_Monitoring_Status_MachineryItemState_LastTransition_TransitionTime,6163,Variable
PulleyType_Monitoring_Status_PulleyEnumeration,6164,Variable
PulleyType_Monitoring_Status_PulleyEnumeration_EnumValues,6165,Variable
PulleyType_Monitoring_Status_PulleyEnumeration_ValueAsText,6166,Variable
PulleyType_Monitoring_Process_BearingTemperature,6167,Variable
PulleyType_Monitoring_Process_BearingTemperature_EngineeringUnits,6168,Variable
PulleyType_Monitoring_Process_Vibrations,6169,Variable
PulleyType_Monitoring_Process_Vibrations_EngineeringUnits,6170,Variable
PulleyType_Monitoring_Process_RotationalSpeed,6171,Variable
PulleyType_Monitoring_Process_RotationalSpeed_EngineeringUnits,6172,Variable
PulleyType_MachineProperties_DiameterWithLagging,6173,Variable
PulleyType_MachineProperties_DiameterWithLagging_EngineeringUnits,6174,Variable
PulleyType_MachineProperties_FaceWidth,6175,Variable
PulleyType_MachineProperties_FaceWidth_EngineeringUnits,6176,Variable
BeltScaleType_MiningEquipmentIdentification_AssetId,6177,Variable
BeltScaleType_MiningEquipmentIdentification_DeviceClass,6178,Variable
BeltScaleType_MiningEquipmentIdentification_ManufacturerUri,6179,Variable
BeltScaleType_MiningEquipmentIdentification_Model,6180,Variable
BeltScaleType_MiningEquipmentIdentification_ProductInstanceUri,6181,Variable
BeltScaleType_MiningEquipmentIdentification_Manufacturer,6182,Variable
BeltScaleType_MiningEquipmentIdentification_SerialNumber,6183,Variable
WeatherStationType_MiningEquipmentIdentification_AssetId,6184,Variable
WeatherStationType_MiningEquipmentIdentification_DeviceClass,6185,Variable
WeatherStationType_MiningEquipmentIdentification_ManufacturerUri,6186,Variable
WeatherStationType_MiningEquipmentIdentification_Model,6187,Variable
WeatherStationType_MiningEquipmentIdentification_ProductInstanceUri,6188,Variable
WeatherStationType_MiningEquipmentIdentification_Manufacturer,6189,Variable
WeatherStationType_MiningEquipmentIdentification_SerialNumber,6190,Variable
WeatherStationType_Monitoring_Status_MachineryItemState_CurrentState,6191,Variable
WeatherStationType_Monitoring_Status_MachineryItemState_CurrentState_Id,6192,Variable
WeatherStationType_Monitoring_Status_MachineryItemState_AvailableStates,6193,Variable
WeatherStationType_Monitoring_Status_MachineryItemState_AvailableTransitions,6194,Variable
WeatherStationType_Monitoring_Status_MachineryItemState_LastTransition,6195,Variable
WeatherStationType_Monitoring_Status_MachineryItemState_LastTransition_Id,6196,Variable
WeatherStationType_Monitoring_Status_MachineryItemState_CurrentState_EffectiveDisplayName,6197,Variable
WeatherStationType_Monitoring_Status_MachineryItemState_CurrentState_Name,6198,Variable
WeatherStationType_Monitoring_Status_MachineryItemState_CurrentState_Number,6199,Variable
WeatherStationType_Monitoring_Status_MachineryItemState_LastTransition_EffectiveTransitionTime,6200,Variable
WeatherStationType_Monitoring_Status_MachineryItemState_LastTransition_Name,6201,Variable
WeatherStationType_Monitoring_Status_MachineryItemState_LastTransition_Number,6202,Variable
WeatherStationType_Monitoring_Status_MachineryItemState_LastTransition_TransitionTime,6203,Variable
WeatherStationType_Monitoring_Process_Temperature,6204,Variable
WeatherStationType_Monitoring_Process_Temperature_EngineeringUnits,6205,Variable
WeatherStationType_Monitoring_Process_Humidity,6206,Variable
WeatherStationType_Monitoring_Process_Humidity_EngineeringUnits,6207,Variable
WeatherStationType_Monitoring_Process_Precipitation,6208,Variable
WeatherStationType_Monitoring_Process_Precipitation_EngineeringUnits,6209,Variable
ScraperType_MiningEquipmentIdentification_AssetId,6210,Variable
ScraperType_MiningEquipmentIdentification_DeviceClass,6211,Variable
ScraperType_MiningEquipmentIdentification_ManufacturerUri,6212,Variable
ScraperType_MiningEquipmentIdentification_Model,6213,Variable
ScraperType_MiningEquipmentIdentification_ProductInstanceUri,6214,Variable
ScraperType_MiningEquipmentIdentification_Manufacturer,6215,Variable
ScraperType_MiningEquipmentIdentification_SerialNumber,6216,Variable
ScraperType_Monitoring_Status_MachineryItemState_CurrentState,6217,Variable
ScraperType_Monitoring_Status_MachineryItemState_CurrentState_Id,6218,Variable
ScraperType_Monitoring_Status_MachineryItemState_AvailableStates,6219,Variable
ScraperType_Monitoring_Status_MachineryItemState_AvailableTransitions,6220,Variable
ScraperType_Monitoring_Status_MachineryItemState_LastTransition,6221,Variable
ScraperType_Monitoring_Status_MachineryItemState_LastTransition_Id,6222,Variable
ScraperType_Monitoring_Status_MachineryItemState_CurrentState_EffectiveDisplayName,6223,Variable
ScraperType_Monitoring_Status_MachineryItemState_CurrentState_Name,6224,Variable
ScraperType_Monitoring_Status_MachineryItemState_CurrentState_Number,6225,Variable
ScraperType_Monitoring_Status_MachineryItemState_LastTransition_EffectiveTransitionTime,6226,Variable
ScraperType_Monitoring_Status_MachineryItemState_LastTransition_Name,6227,Variable
ScraperType_Monitoring_Status_MachineryItemState_LastTransition_Number,6228,Variable
ScraperType_Monitoring_Status_MachineryItemState_LastTransition_TransitionTime,6229,Variable
ScraperType_Monitoring_Status_ScraperActive,6230,Variable
IdlerType_MiningEquipmentIdentification_AssetId,6231,Variable
IdlerType_MiningEquipmentIdentification_DeviceClass,6232,Variable
IdlerType_MiningEquipmentIdentification_ManufacturerUri,6233,Variable
IdlerType_MiningEquipmentIdentification_Model,6234,Variable
IdlerType_MiningEquipmentIdentification_ProductInstanceUri,6235,Variable
IdlerType_MiningEquipmentIdentification_Manufacturer,6236,Variable
IdlerType_MiningEquipmentIdentification_SerialNumber,6237,Variable
ConveyorRollType_ConveyorRollID,6238,Variable
ConveyorRollType_SensorNodeID,6239,Variable
ConveyorRollType_BearingTemperature,6240,Variable
ConveyorRollType_BearingTemperature_EngineeringUnits,6241,Variable
ConveyorRollType_BearingRotation,6242,Variable
ConveyorRollType_BearingRotation_EngineeringUnits,6243,Variable
ConveyorRollType_Vibration,6244,Variable
ConveyorRollType_Vibration_EngineeringUnits,6245,Variable
BeltConveyorOutOfServiceSubState_StateMachineType_DefaultInstanceBrowseName,6246,Variable
BeltConveyorOutOfServiceSubState_StateMachineType_Booting_StateNumber,6247,Variable
BeltConveyorOutOfServiceSubState_StateMachineType_NoClearance_StateNumber,6248,Variable
BeltConveyorOutOfServiceSubState_StateMachineType_FromBootingToNoClearance_TransitionNumber,6249,Variable
BeltConveyorOutOfServiceSubState_StateMachineType_FromNoClearanceToBooting_TransitionNumber,6250,Variable
BeltConveyorNotExecutingSubState_StateMachineType_DefaultInstanceBrowseName,6251,Variable
BeltConveyorNotExecutingSubState_StateMachineType_BrakeClosed_StateNumber,6252,Variable
BeltConveyorNotExecutingSubState_StateMachineType_IsStopped_StateNumber,6253,Variable
BeltConveyorNotExecutingSubState_StateMachineType_Ready_StateNumber,6254,Variable
BeltConveyorNotExecutingSubState_StateMachineType_AlertSignal_StateNumber,6255,Variable
BeltConveyorNotExecutingSubState_StateMachineType_FromBrakeClosedToIsStopped_TransitionNumber,6256,Variable
BeltConveyorNotExecutingSubState_StateMachineType_FromBrakeClosedToReady_TransitionNumber,6257,Variable
BeltConveyorNotExecutingSubState_StateMachineType_FromBrakeClosedToAlertSignal_TransitionNumber,6258,Variable
BeltConveyorNotExecutingSubState_StateMachineType_FromIsStoppedToBrakeClosed_TransitionNumber,6259,Variable
BeltConveyorNotExecutingSubState_StateMachineType_FromIsStoppedToReady_TransitionNumber,6260,Variable
BeltConveyorNotExecutingSubState_StateMachineType_FromIsStoppedToAlertSignal_TransitionNumber,6261,Variable
BeltConveyorNotExecutingSubState_StateMachineType_FromReadyToBrakeClosed_TransitionNumber,6262,Variable
BeltConveyorNotExecutingSubState_StateMachineType_FromReadyToIsStopped_TransitionNumber,6263,Variable
BeltConveyorNotExecutingSubState_StateMachineType_FromReadyToAlertSignal_TransitionNumber,6264,Variable
BeltConveyorNotExecutingSubState_StateMachineType_FromAlertSignalToBrakeClosed_TransitionNumber,6265,Variable
BeltConveyorNotExecutingSubState_StateMachineType_FromAlertSignalToIsStopped_TransitionNumber,6266,Variable
BeltConveyorNotExecutingSubState_StateMachineType_FromAlertSignalToReady_TransitionNumber,6267,Variable
BeltConveyorExecutingSubState_StateMachineType_DefaultInstanceBrowseName,6268,Variable
BeltConveyorExecutingSubState_StateMachineType_ReverseRunning_StateNumber,6269,Variable
BeltConveyorExecutingSubState_StateMachineType_ForwardRunning_StateNumber,6270,Variable
BeltConveyorExecutingSubState_StateMachineType_InitialStopping_StateNumber,6271,Variable
BeltConveyorExecutingSubState_StateMachineType_FromReverseRunningToInitialStopping_TransitionNumber,6272,Variable
BeltConveyorExecutingSubState_StateMachineType_FromForwardRunningToInitialStopping_TransitionNumber,6273,Variable
BeltConveyorMachineryItemState_StateMachineType_BeltConveyorOutOfServiceSubState_CurrentState,6274,Variable
BeltConveyorMachineryItemState_StateMachineType_BeltConveyorOutOfServiceSubState_CurrentState_Id,6275,Variable
BeltConveyorMachineryItemState_StateMachineType_BeltConveyorNotExecutingSubState_CurrentState,6276,Variable
BeltConveyorMachineryItemState_StateMachineType_BeltConveyorNotExecutingSubState_CurrentState_Id,6277,Variable
BeltConveyorMachineryItemState_StateMachineType_BeltConveyorExecutingSubState_CurrentState,6278,Variable
BeltConveyorMachineryItemState_StateMachineType_BeltConveyorExecutingSubState_CurrentState_Id,6279,Variable
Server_Namespaces_http___opcfoundation_org_UA_Mining_TransportDumping_Conveying__IsNamespaceSubset,6280,Variable
Server_Namespaces_http___opcfoundation_org_UA_Mining_TransportDumping_Conveying__NamespacePublicationDate,6281,Variable
Server_Namespaces_http___opcfoundation_org_UA_Mining_TransportDumping_Conveying__NamespaceUri,6282,Variable
Server_Namespaces_http___opcfoundation_org_UA_Mining_TransportDumping_Conveying__NamespaceVersion,6283,Variable
Server_Namespaces_http___opcfoundation_org_UA_Mining_TransportDumping_Conveying__StaticNodeIdTypes,6284,Variable
Server_Namespaces_http___opcfoundation_org_UA_Mining_TransportDumping_Conveying__StaticNumericNodeIdRange,6285,Variable
Server_Namespaces_http___opcfoundation_org_UA_Mining_TransportDumping_Conveying__StaticStringNodeIdPattern,6286,Variable
BeltConveyorType_Components_DriveController_MiningEquipmentIdentification_AssetId,6287,Variable
BeltConveyorType_Components_DriveController_MiningEquipmentIdentification_DeviceClass,6288,Variable
Server_Namespaces_http___opcfoundation_org_UA_Mining_TransportDumping_Conveying__DefaultAccessRestrictions,6289,Variable
BeltConveyorType_Components_DriveController_MiningEquipmentIdentification_Manufacturer,6290,Variable
BeltConveyorType_Components_DriveController_MiningEquipmentIdentification_ManufacturerUri,6291,Variable
BeltConveyorType_Components_DriveController_MiningEquipmentIdentification_Model,6292,Variable
BeltConveyorType_Components_DriveController_MiningEquipmentIdentification_ProductInstanceUri,6293,Variable
BeltConveyorType_Components_DriveController_MiningEquipmentIdentification_SerialNumber,6294,Variable
BeltConveyorType_Components_ConveyorDrive_MiningEquipmentIdentification_AssetId,6295,Variable
BeltConveyorType_Components_ConveyorDrive_MiningEquipmentIdentification_DeviceClass,6296,Variable
BeltConveyorType_Components_ConveyorDrive_MiningEquipmentIdentification_Manufacturer,6297,Variable
BeltConveyorType_Components_ConveyorDrive_MiningEquipmentIdentification_ManufacturerUri,6298,Variable
BeltConveyorType_Components_ConveyorDrive_MiningEquipmentIdentification_Model,6299,Variable
BeltConveyorType_Components_ConveyorDrive_MiningEquipmentIdentification_ProductInstanceUri,6300,Variable
BeltConveyorType_Components_ConveyorDrive_MiningEquipmentIdentification_SerialNumber,6301,Variable
BeltConveyorType_Components_ConveyorBrake_MiningEquipmentIdentification_AssetId,6302,Variable
BeltConveyorType_Components_ConveyorBrake_MiningEquipmentIdentification_DeviceClass,6303,Variable
BeltConveyorType_Components_ConveyorBrake_MiningEquipmentIdentification_Manufacturer,6304,Variable
BeltConveyorType_Components_ConveyorBrake_MiningEquipmentIdentification_ManufacturerUri,6305,Variable
BeltConveyorType_Components_ConveyorBrake_MiningEquipmentIdentification_Model,6306,Variable
BeltConveyorType_Components_ConveyorBrake_MiningEquipmentIdentification_ProductInstanceUri,6307,Variable
BeltConveyorType_Components_ConveyorBrake_MiningEquipmentIdentification_SerialNumber,6308,Variable
BeltConveyorType_Components_Belt_MiningEquipmentIdentification_AssetId,6309,Variable
BeltConveyorType_Components_Belt_MiningEquipmentIdentification_DeviceClass,6310,Variable
BeltConveyorType_Components_Belt_MiningEquipmentIdentification_Manufacturer,6311,Variable
BeltConveyorType_Components_Belt_MiningEquipmentIdentification_ManufacturerUri,6312,Variable
BeltConveyorType_Components_Belt_MiningEquipmentIdentification_Model,6313,Variable
BeltConveyorType_Components_Belt_MiningEquipmentIdentification_ProductInstanceUri,6314,Variable
BeltConveyorType_Components_Belt_MiningEquipmentIdentification_SerialNumber,6315,Variable
BeltConveyorType_Components_Pulley_MiningEquipmentIdentification_AssetId,6316,Variable
BeltConveyorType_Components_Pulley_MiningEquipmentIdentification_DeviceClass,6317,Variable
BeltConveyorType_Components_Pulley_MiningEquipmentIdentification_Manufacturer,6318,Variable
BeltConveyorType_Components_Pulley_MiningEquipmentIdentification_ManufacturerUri,6319,Variable
BeltConveyorType_Components_Pulley_MiningEquipmentIdentification_Model,6320,Variable
BeltConveyorType_Components_Pulley_MiningEquipmentIdentification_ProductInstanceUri,6321,Variable
BeltConveyorType_Components_Pulley_MiningEquipmentIdentification_SerialNumber,6322,Variable
BeltConveyorType_Components_BeltScale_MiningEquipmentIdentification_AssetId,6323,Variable
BeltConveyorType_Components_BeltScale_MiningEquipmentIdentification_DeviceClass,6324,Variable
BeltConveyorType_Components_BeltScale_MiningEquipmentIdentification_Manufacturer,6325,Variable
BeltConveyorType_Components_BeltScale_MiningEquipmentIdentification_ManufacturerUri,6326,Variable
BeltConveyorType_Components_BeltScale_MiningEquipmentIdentification_Model,6327,Variable
BeltConveyorType_Components_BeltScale_MiningEquipmentIdentification_ProductInstanceUri,6328,Variable
BeltConveyorType_Components_BeltScale_MiningEquipmentIdentification_SerialNumber,6329,Variable
BeltConveyorType_Components_WeatherStation_MiningEquipmentIdentification_AssetId,6330,Variable
BeltConveyorType_Components_WeatherStation_MiningEquipmentIdentification_DeviceClass,6331,Variable
BeltConveyorType_Components_WeatherStation_MiningEquipmentIdentification_Manufacturer,6332,Variable
BeltConveyorType_Components_WeatherStation_MiningEquipmentIdentification_ManufacturerUri,6333,Variable
BeltConveyorType_Components_WeatherStation_MiningEquipmentIdentification_Model,6334,Variable
BeltConveyorType_Components_WeatherStation_MiningEquipmentIdentification_ProductInstanceUri,6335,Variable
BeltConveyorType_Components_WeatherStation_MiningEquipmentIdentification_SerialNumber,6336,Variable
BeltConveyorType_Components_Scraper_MiningEquipmentIdentification_AssetId,6337,Variable
BeltConveyorType_Components_Scraper_MiningEquipmentIdentification_DeviceClass,6338,Variable
BeltConveyorType_Components_Scraper_MiningEquipmentIdentification_Manufacturer,6339,Variable
BeltConveyorType_Components_Scraper_MiningEquipmentIdentification_ManufacturerUri,6340,Variable
BeltConveyorType_Components_Scraper_MiningEquipmentIdentification_Model,6341,Variable
BeltConveyorType_Components_Scraper_MiningEquipmentIdentification_ProductInstanceUri,6342,Variable
BeltConveyorType_Components_Scraper_MiningEquipmentIdentification_SerialNumber,6343,Variable
BeltConveyorType_Components_Idler_MiningEquipmentIdentification_AssetId,6344,Variable
BeltConveyorType_Components_Idler_MiningEquipmentIdentification_DeviceClass,6345,Variable
BeltConveyorType_Components_Idler_MiningEquipmentIdentification_Manufacturer,6346,Variable
BeltConveyorType_Components_Idler_MiningEquipmentIdentification_ManufacturerUri,6347,Variable
BeltConveyorType_Components_Idler_MiningEquipmentIdentification_Model,6348,Variable
BeltConveyorType_Components_Idler_MiningEquipmentIdentification_ProductInstanceUri,6349,Variable
BeltConveyorType_Components_Idler_MiningEquipmentIdentification_SerialNumber,6350,Variable
BeltConveyorType_Monitoring_Status_MachineryItemState_BeltConveyorExecutingSubState_CurrentState,6351,Variable
BeltConveyorType_Monitoring_Status_MachineryItemState_BeltConveyorExecutingSubState_CurrentState_Id,6352,Variable
BeltConveyorType_Monitoring_Status_MachineryItemState_BeltConveyorNotExecutingSubState_CurrentState,6353,Variable
BeltConveyorType_Monitoring_Status_MachineryItemState_BeltConveyorNotExecutingSubState_CurrentState_Id,6354,Variable
BeltConveyorType_Monitoring_Status_MachineryItemState_BeltConveyorOutOfServiceSubState_CurrentState,6355,Variable
BeltConveyorType_Monitoring_Status_MachineryItemState_BeltConveyorOutOfServiceSubState_CurrentState_Id,6356,Variable
BeltConveyorType_Monitoring_Status_MachineryItemState_CurrentState,6357,Variable
BeltConveyorType_Monitoring_Status_MachineryItemState_CurrentState_Id,6358,Variable
BeltSectionType_StatusBeltSection,6359,Variable
BeltSectionType_StatusBeltSection_EnumValues,6360,Variable
BeltSectionType_StatusBeltSection_ValueAsText,6361,Variable
BeltSectionType_BeltSectionLength,6362,Variable
BeltSectionType_BeltSectionLength_EngineeringUnits,6363,Variable
BeltScaleType_Monitoring_Process_MassFlowRate,6364,Variable
BeltScaleType_Monitoring_Process_MassFlowRate_EngineeringUnits,6365,Variable
BeltScaleType_Monitoring_Process_BeltSpeedScale,6366,Variable
BeltScaleType_Monitoring_Process_BeltSpeedScale_EngineeringUnits,6367,Variable
DriveControllerType_MethodSet_AdjustTorque_InputArguments,6368,Variable
DriveControllerType_MethodSet_AdjustTorque_OutputArguments,6369,Variable
PulleyLaggingType_MiningEquipmentIdentification_AssetId,6370,Variable
PulleyLaggingType_MiningEquipmentIdentification_DeviceClass,6371,Variable
PulleyLaggingType_MiningEquipmentIdentification_ManufacturerUri,6372,Variable
PulleyLaggingType_MiningEquipmentIdentification_Model,6373,Variable
PulleyLaggingType_MiningEquipmentIdentification_ProductInstanceUri,6374,Variable
PulleyLaggingType_MiningEquipmentIdentification_Manufacturer,6375,Variable
PulleyLaggingType_MiningEquipmentIdentification_SerialNumber,6376,Variable
PulleyType_Components_PulleyLagging_MiningEquipmentIdentification_AssetId,6377,Variable
PulleyType_Components_PulleyLagging_MiningEquipmentIdentification_DeviceClass,6378,Variable
PulleyType_Components_PulleyLagging_MiningEquipmentIdentification_Manufacturer,6379,Variable
PulleyType_Components_PulleyLagging_MiningEquipmentIdentification_ManufacturerUri,6380,Variable
PulleyType_Components_PulleyLagging_MiningEquipmentIdentification_Model,6381,Variable
PulleyType_Components_PulleyLagging_MiningEquipmentIdentification_ProductInstanceUri,6382,Variable
PulleyType_Components_PulleyLagging_MiningEquipmentIdentification_SerialNumber,6383,Variable
PulleyType_Components_PulleyLagging_Identification_AssetId,6384,Variable
PulleyType_Components_PulleyLagging_Identification_DeviceClass,6385,Variable
PulleyType_Components_PulleyLagging_Identification_ManufacturerUri,6386,Variable
PulleyType_Components_PulleyLagging_Identification_Model,6387,Variable
BeltConveyorMachineryItemState_StateMachineType_DefaultInstanceBrowseName,6388,Variable
BeltConveyorMachineryItemState_StateMachineType_NotAvailable_StateNumber,6389,Variable
BeltConveyorMachineryItemState_StateMachineType_OutOfService_StateNumber,6390,Variable
BeltConveyorMachineryItemState_StateMachineType_Executing_StateNumber,6391,Variable
BeltConveyorMachineryItemState_StateMachineType_NotExecuting_StateNumber,6392,Variable
BeltConveyorMachineryItemState_StateMachineType_FromNotAvailableToOutOfService_TransitionNumber,6393,Variable
BeltConveyorMachineryItemState_StateMachineType_FromNotAvailableToNotExecuting_TransitionNumber,6394,Variable
BeltConveyorMachineryItemState_StateMachineType_FromNotAvailableToExecuting_TransitionNumber,6395,Variable
BeltConveyorMachineryItemState_StateMachineType_FromNotAvailableToNotAvailable_TransitionNumber,6396,Variable
BeltConveyorMachineryItemState_StateMachineType_FromOutOfServiceToNotAvailable_TransitionNumber,6397,Variable
BeltConveyorMachineryItemState_StateMachineType_FromOutOfServiceToNotExecuting_TransitionNumber,6398,Variable
BeltConveyorMachineryItemState_StateMachineType_FromOutOfServiceToExecuting_TransitionNumber,6399,Variable
BeltConveyorMachineryItemState_StateMachineType_FromOutOfServiceToOutOfService_TransitionNumber,6400,Variable
BeltConveyorMachineryItemState_StateMachineType_FromNotExecutingToNotAvailable_TransitionNumber,6401,Variable
BeltConveyorMachineryItemState_StateMachineType_FromNotExecutingToOutOfService_TransitionNumber,6402,Variable
BeltConveyorMachineryItemState_StateMachineType_FromNotExecutingToExecuting_TransitionNumber,6403,Variable
BeltConveyorMachineryItemState_StateMachineType_FromNotExecutingToNotExecuting_TransitionNumber,6404,Variable
BeltConveyorMachineryItemState_StateMachineType_FromExecutingToNotAvailable_TransitionNumber,6405,Variable
BeltConveyorMachineryItemState_StateMachineType_FromExecutingToOutOfService_TransitionNumber,6406,Variable
BeltConveyorMachineryItemState_StateMachineType_FromExecutingToNotExecuting_TransitionNumber,6407,Variable
BeltConveyorMachineryItemState_StateMachineType_FromExecutingToExecuting_TransitionNumber,6408,Variable
ConveyorBrakeType_MiningEquipmentIdentification_Model,6409,Variable
ConveyorBrakeType_MiningEquipmentIdentification_ProductInstanceUri,6410,Variable
ConveyorBrakeType_MiningEquipmentIdentification_Manufacturer,6411,Variable
ConveyorBrakeType_MiningEquipmentIdentification_SerialNumber,6412,Variable
DriveControllerType_MethodSet_ConveyorStart,7001,Method
DriveControllerType_MethodSet_ConveyorStop,7002,Method
DriveControllerType_MethodSet_CloseBrake,7003,Method
DriveControllerType_MethodSet_OpenBrake,7004,Method
DriveControllerType_MethodSet_AdjustTorque,7005,Method
