STSysMaterialTransportLineType,1003,ObjectType
STCompPowderVibrationType,1004,ObjectType
STSysVesselType,1005,ObjectType
STSysRamType,1006,ObjectType
STCompStirrerType,1007,ObjectType
STCompPowderSieveType,1008,ObjectType
STCompRamType,1009,ObjectType
STCompProcessValveType,1012,ObjectType
STCompHeaterType,1013,ObjectType
STSysMaterialTransportLineType_Description,5001,Object
STSysRamType_Components_Vessel_MachineryBuildingBlocks,5002,Object
STSysMaterialTransportLineType_Monitoring,5003,Object
STSysMaterialTransportLineType_Monitoring_Process,5004,Object
STSysMaterialTransportLineType_Monitoring_Health,5005,Object
STCompProcessValveType_MachineryBuildingBlocks_OperationCounters,5006,Object
STSysRamType_Components,5007,Object
STSysMaterialTransportLineType_Monitoring_Process_AverageFlowVelocity,5008,Object
STSysRamType_Components_Stirrer,5009,Object
STSysRamType_Components_Heater,5010,Object
STSysRamType_Components_Ram,5011,Object
STSysRamType_Components_Vessel,5012,Object
STCompRamType_Description,5013,Object
STSysMaterialTransportLineType_MachineryBuildingBlocks,5014,Object
STCompRamType_Monitoring,5015,Object
STSysRamType_Components_Heater_MachineryBuildingBlocks,5016,Object
STCompRamType_Monitoring_Process,5017,Object
STCompRamType_Monitoring_Status,5018,Object
STCompRamType_Monitoring_Process_MeasuredFillingLevel,5019,Object
STCompRamType_Monitoring_Process_DownwardPressureRam,5020,Object
STCompRamType_Monitoring_Process_InputCurrentRam,5021,Object
STCompRamType_Monitoring_Process_InputPressureRam,5022,Object
STCompRamType_Monitoring_Process_MaterialTemperature,5023,Object
STSysMaterialTransportLineType_MachineryBuildingBlocks_LifetimeCounters,5024,Object
STCompPowderVibrationType_Monitoring,5025,Object
STCompPowderVibrationType_Monitoring_Status,5026,Object
STCompPowderSieveType_Description,5027,Object
STCompProcessValveType_Description,5028,Object
STCompRamType_MachineryBuildingBlocks,5029,Object
STCompProcessValveType_Monitoring,5030,Object
STCompProcessValveType_Monitoring_Process,5031,Object
STCompProcessValveType_Monitoring_Process_OpeningDegree,5032,Object
STCompProcessValveType_Monitoring_Process_DutyCycle,5033,Object
STCompProcessValveType_Monitoring_Process_SwitchingFrequency,5034,Object
STSysRamType_Components_Ram_MachineryBuildingBlocks,5035,Object
STSysVesselType_Components,5036,Object
STSysVesselType_Description,5037,Object
STSysVesselType_Components_Heater_MachineryBuildingBlocks,5038,Object
STSysVesselType_Monitoring,5039,Object
STSysVesselType_Components_Stirrer,5040,Object
STSysVesselType_Components_Heater,5041,Object
STSysVesselType_Components_Valve,5042,Object
STSysVesselType_Monitoring_Process,5043,Object
STSysVesselType_Monitoring_Process_RelativePressure,5044,Object
STSysVesselType_Monitoring_Process_Temperature,5045,Object
STSysVesselType_Monitoring_Process_FillVolume,5046,Object
STCompStirrerType_Monitoring,5047,Object
STCompStirrerType_Monitoring_Process,5048,Object
STCompStirrerType_Monitoring_Process_StirrerSpeed,5049,Object
STCompStirrerType_Monitoring_Process_StirrerTorque,5050,Object
STCompHeaterType_Description,5051,Object
STCompHeaterType_Monitoring,5052,Object
STCompHeaterType_Monitoring_Process,5053,Object
STCompHeaterType_Monitoring_Status,5054,Object
STCompHeaterType_Monitoring_Process_Temperature,5055,Object
STCompHeaterType_Monitoring_Process_StandbyTemperature,5056,Object
STCompHeaterType_Monitoring_Process_HeatingPower,5057,Object
STCompHeaterType_Monitoring_Process_HeatUpTime,5058,Object
STCompHeaterType_Monitoring_Process_HeatThroughTime,5059,Object
STCompHeaterType_Monitoring_Process_StandbyTimeout,5060,Object
STSysRamType_Components_Stirrer_MachineryBuildingBlocks,5061,Object
STSysVesselType_Components_Stirrer_MachineryBuildingBlocks,5062,Object
STCompRamType_MachineryBuildingBlocks_LifetimeCounters,5067,Object
Server_Namespaces_http___opcfoundation_org_UA_SurfaceTechnology_OCT_MSS_,5068,Object
STCompProcessValveType_MachineryBuildingBlocks,5069,Object
STSysVesselType_Components_Valve_MachineryBuildingBlocks,5070,Object
STCompProcessValveType_MachineryBuildingBlocks_LifetimeCounters,5071,Object
STSysVesselType_Components_Valve_MachineryBuildingBlocks_LifetimeCounters,5072,Object
STSysMaterialTransportLineType_Monitoring_Health_RemainingDurationOfUse,6001,Variable
STSysMaterialTransportLineType_Monitoring_Health_RemainingDurationOfUse_LimitValue,6002,Variable
STSysMaterialTransportLineType_Monitoring_Health_RemainingDurationOfUse_StartValue,6003,Variable
STSysMaterialTransportLineType_Monitoring_Health_RemainingDurationOfUse_EngineeringUnits,6004,Variable
STSysMaterialTransportLineType_Monitoring_Process_FillState,6005,Variable
STSysMaterialTransportLineType_Monitoring_Process_FillState_EnumValues,6006,Variable
STSysMaterialTransportLineType_Monitoring_Process_FillState_ValueAsText,6007,Variable
STSysMaterialTransportLineType_Monitoring_Process_AverageFlowVelocity_AnalogSignal,6008,Variable
STSysMaterialTransportLineType_Monitoring_Process_AverageFlowVelocity_AnalogSignal_EngineeringUnits,6009,Variable
STSysMaterialTransportLineType_Monitoring_Process_AverageFlowVelocity_AnalogSignal_EURange,6010,Variable
STSysMaterialTransportLineType_Monitoring_Process_AverageFlowVelocity_SignalTag,6011,Variable
STCompPowderVibrationType_Monitoring_Status_VesselVibration,6012,Variable
STCompPowderVibrationType_Monitoring_Status_VesselVibration_FalseState,6013,Variable
STCompPowderVibrationType_Monitoring_Status_VesselVibration_TrueState,6014,Variable
STSysMaterialTransportLineType_Description_ContactMaterial,6016,Variable
STSysMaterialTransportLineType_Description_FlowResistanceCoefficient,6017,Variable
STSysMaterialTransportLineType_Description_FlowResistanceCoefficient_EngineeringUnits,6018,Variable
STSysMaterialTransportLineType_Description_PressureLossCoefficient,6019,Variable
STSysMaterialTransportLineType_Description_PressureLossCoefficient_EngineeringUnits,6020,Variable
STSysMaterialTransportLineType_Description_CompressiveStrength,6021,Variable
STSysMaterialTransportLineType_Description_CompressiveStrength_EngineeringUnits,6022,Variable
STSysMaterialTransportLineType_Description_Length,6023,Variable
STSysMaterialTransportLineType_Description_Length_EngineeringUnits,6024,Variable
STSysMaterialTransportLineType_Description_CrossSection,6025,Variable
STSysMaterialTransportLineType_Description_CrossSection_EngineeringUnits,6026,Variable
STCompRamType_Monitoring_Status_DrumPresent,6027,Variable
STCompRamType_Monitoring_Status_DrumPresent_FalseState,6028,Variable
STCompRamType_Monitoring_Status_DrumPresent_TrueState,6029,Variable
STCompRamType_Monitoring_Status_DiscreteFillingLevel,6030,Variable
STCompRamType_Monitoring_Status_DiscreteFillingLevel_EnumValues,6031,Variable
STCompRamType_Monitoring_Status_DiscreteFillingLevel_ValueAsText,6032,Variable
STCompRamType_Monitoring_Status_CirculationActive,6033,Variable
STCompRamType_Monitoring_Status_CirculationActive_FalseState,6034,Variable
STCompRamType_Monitoring_Status_CirculationActive_TrueState,6035,Variable
STCompRamType_Monitoring_Status_RamUnitReady,6036,Variable
STCompRamType_Monitoring_Status_RamUnitReady_FalseState,6037,Variable
STCompRamType_Monitoring_Status_RamUnitReady_TrueState,6038,Variable
STCompRamType_Monitoring_Process_RemainingCycles,6039,Variable
STCompRamType_Monitoring_Process_RemainingCycles_LimitValue,6040,Variable
STCompRamType_Monitoring_Process_RemainingCycles_StartValue,6041,Variable
STCompRamType_Monitoring_Process_RemainingCycles_EngineeringUnits,6042,Variable
STCompRamType_Monitoring_Process_RemainingMaterialTime,6043,Variable
STCompRamType_Monitoring_Process_RemainingMaterialTime_LimitValue,6044,Variable
STCompRamType_Monitoring_Process_RemainingMaterialTime_StartValue,6045,Variable
STCompRamType_Monitoring_Process_RemainingMaterialTime_EngineeringUnits,6046,Variable
STCompRamType_Monitoring_Process_MeasuredFillingLevel_AnalogSignal,6047,Variable
STCompRamType_Monitoring_Process_MeasuredFillingLevel_AnalogSignal_EngineeringUnits,6048,Variable
STCompRamType_Monitoring_Process_MeasuredFillingLevel_AnalogSignal_EURange,6049,Variable
STCompRamType_Monitoring_Process_MeasuredFillingLevel_SignalTag,6050,Variable
STCompRamType_Monitoring_Process_DownwardPressureRam_AnalogSignal,6051,Variable
STCompRamType_Monitoring_Process_DownwardPressureRam_AnalogSignal_EngineeringUnits,6052,Variable
STCompRamType_Monitoring_Process_DownwardPressureRam_AnalogSignal_EURange,6053,Variable
STCompRamType_Monitoring_Process_DownwardPressureRam_SignalTag,6054,Variable
STCompRamType_Monitoring_Process_InputCurrentRam_AnalogSignal,6055,Variable
STCompRamType_Monitoring_Process_InputCurrentRam_AnalogSignal_EngineeringUnits,6056,Variable
STCompRamType_Monitoring_Process_InputCurrentRam_AnalogSignal_EURange,6057,Variable
STCompRamType_Monitoring_Process_InputCurrentRam_SignalTag,6058,Variable
STCompRamType_Monitoring_Process_InputPressureRam_AnalogSignal,6059,Variable
STCompRamType_Monitoring_Process_InputPressureRam_AnalogSignal_EngineeringUnits,6060,Variable
STCompRamType_Monitoring_Process_InputPressureRam_AnalogSignal_EURange,6061,Variable
STCompRamType_Monitoring_Process_InputPressureRam_SignalTag,6062,Variable
STCompRamType_Monitoring_Process_MaterialTemperature_AnalogSignal,6063,Variable
STCompRamType_Monitoring_Process_MaterialTemperature_AnalogSignal_EngineeringUnits,6064,Variable
STCompRamType_Monitoring_Process_MaterialTemperature_AnalogSignal_EURange,6065,Variable
STCompRamType_Monitoring_Process_MaterialTemperature_SignalTag,6066,Variable
STCompRamType_Description_TypeOfRam,6071,Variable
STCompRamType_Description_TypeOfRam_EnumValues,6072,Variable
STCompRamType_Description_TypeOfRam_ValueAsText,6073,Variable
STCompRamType_Description_DrumVolumeClass,6074,Variable
STCompRamType_Description_DrumVolumeClass_EnumValues,6075,Variable
STCompRamType_Description_DrumVolumeClass_ValueAsText,6076,Variable
STCompRamType_Description_DrumInnerDiameter,6077,Variable
STCompRamType_Description_DrumInnerDiameter_EngineeringUnits,6078,Variable
STCompPowderSieveType_Description_PowderSieveMeshSize,6082,Variable
STCompPowderSieveType_Description_PowderSieveMeshSize_EngineeringUnits,6083,Variable
STCompProcessValveType_Monitoring_Process_OpeningDegree_AnalogSignal,6084,Variable
STCompProcessValveType_Monitoring_Process_OpeningDegree_AnalogSignal_EngineeringUnits,6085,Variable
STCompProcessValveType_Monitoring_Process_OpeningDegree_AnalogSignal_EURange,6086,Variable
STCompProcessValveType_Monitoring_Process_OpeningDegree_SignalTag,6087,Variable
STCompProcessValveType_Monitoring_Process_OperationCycleCounter,6088,Variable
STCompProcessValveType_Monitoring_Process_OpenTime,6089,Variable
STCompProcessValveType_Monitoring_Process_CloseTime,6090,Variable
STCompProcessValveType_Monitoring_Process_DutyCycle_AnalogSignal,6091,Variable
STCompProcessValveType_Monitoring_Process_DutyCycle_AnalogSignal_EngineeringUnits,6092,Variable
STCompProcessValveType_Monitoring_Process_DutyCycle_AnalogSignal_EURange,6093,Variable
STCompProcessValveType_Monitoring_Process_DutyCycle_SignalTag,6094,Variable
STCompProcessValveType_Monitoring_Process_SwitchingFrequency_AnalogSignal,6095,Variable
STCompProcessValveType_Monitoring_Process_SwitchingFrequency_AnalogSignal_EngineeringUnits,6096,Variable
STCompProcessValveType_Monitoring_Process_SwitchingFrequency_AnalogSignal_EURange,6097,Variable
STCompProcessValveType_Monitoring_Process_SwitchingFrequency_SignalTag,6098,Variable
STCompProcessValveType_Monitoring_Process_RemainingCycles,6099,Variable
STCompProcessValveType_Monitoring_Process_RemainingCycles_LimitValue,6100,Variable
STCompProcessValveType_Monitoring_Process_RemainingCycles_StartValue,6101,Variable
STCompProcessValveType_Monitoring_Process_RemainingCycles_EngineeringUnits,6102,Variable
STCompRamType_MachineryBuildingBlocks_LifetimeCounters_LifetimeVariable,6103,Variable
STCompRamType_MachineryBuildingBlocks_LifetimeCounters_LifetimeVariable_EngineeringUnits,6104,Variable
STCompRamType_MachineryBuildingBlocks_LifetimeCounters_LifetimeVariable_LimitValue,6105,Variable
STCompRamType_MachineryBuildingBlocks_LifetimeCounters_LifetimeVariable_StartValue,6106,Variable
STCompProcessValveType_Description_FlowCrossSection,6107,Variable
STCompProcessValveType_Description_FlowCrossSection_EngineeringUnits,6108,Variable
STCompProcessValveType_Description_Travel,6109,Variable
STCompProcessValveType_Description_Travel_EngineeringUnits,6110,Variable
STCompProcessValveType_Description_LifetimeCycles,6111,Variable
STCompProcessValveType_Description_MinimumPulseOpenTime,6112,Variable
STCompProcessValveType_Description_MinimumPulseCloseTime,6113,Variable
STCompProcessValveType_Description_OpeningTime,6114,Variable
STCompProcessValveType_Description_ClosingTime,6115,Variable
STCompProcessValveType_Description_MaterialPressureMax,6116,Variable
STCompProcessValveType_Description_MaterialPressureMax_EngineeringUnits,6117,Variable
STCompProcessValveType_Description_FlowVolumeMax,6118,Variable
STCompProcessValveType_Description_FlowVolumeMax_EngineeringUnits,6119,Variable
STCompProcessValveType_Description_TypeOfActuationEnergy,6120,Variable
STCompProcessValveType_Description_TypeOfActuationEnergy_EnumValues,6121,Variable
STCompProcessValveType_Description_TypeOfActuationEnergy_ValueAsText,6122,Variable
STSysVesselType_Monitoring_Process_RelativePressure_AnalogSignal,6123,Variable
STSysVesselType_Monitoring_Process_RelativePressure_AnalogSignal_EngineeringUnits,6124,Variable
STSysVesselType_Monitoring_Process_RelativePressure_AnalogSignal_EURange,6125,Variable
STSysVesselType_Monitoring_Process_RelativePressure_SignalTag,6126,Variable
STSysVesselType_Monitoring_Process_Temperature_AnalogSignal,6127,Variable
STSysVesselType_Monitoring_Process_Temperature_AnalogSignal_EngineeringUnits,6128,Variable
STSysVesselType_Monitoring_Process_Temperature_AnalogSignal_EURange,6129,Variable
STSysVesselType_Monitoring_Process_Temperature_SignalTag,6130,Variable
STSysVesselType_Monitoring_Process_FillVolume_AnalogSignal,6131,Variable
STSysVesselType_Monitoring_Process_FillVolume_AnalogSignal_EngineeringUnits,6132,Variable
STSysVesselType_Monitoring_Process_FillVolume_AnalogSignal_EURange,6133,Variable
STSysVesselType_Monitoring_Process_FillVolume_SignalTag,6134,Variable
STSysVesselType_Description_VesselVolume,6135,Variable
STSysVesselType_Description_VesselVolume_EngineeringUnits,6136,Variable
STCompStirrerType_Monitoring_Process_StirrerSpeed_AnalogSignal,6137,Variable
STCompStirrerType_Monitoring_Process_StirrerSpeed_AnalogSignal_EngineeringUnits,6138,Variable
STCompStirrerType_Monitoring_Process_StirrerSpeed_AnalogSignal_EURange,6139,Variable
STCompStirrerType_Monitoring_Process_StirrerSpeed_SignalTag,6140,Variable
STCompStirrerType_Monitoring_Process_StirrerTorque_AnalogSignal,6141,Variable
STCompStirrerType_Monitoring_Process_StirrerTorque_AnalogSignal_EngineeringUnits,6142,Variable
STCompStirrerType_Monitoring_Process_StirrerTorque_AnalogSignal_EURange,6143,Variable
STCompStirrerType_Monitoring_Process_StirrerTorque_SignalTag,6144,Variable
STCompHeaterType_Monitoring_Status_TypeOfHeating,6145,Variable
STCompHeaterType_Monitoring_Status_TypeOfHeating_EnumValues,6146,Variable
STCompHeaterType_Monitoring_Status_TypeOfHeating_ValueAsText,6147,Variable
STCompHeaterType_Monitoring_Process_Temperature_AnalogSignal,6148,Variable
STCompHeaterType_Monitoring_Process_Temperature_AnalogSignal_EngineeringUnits,6149,Variable
STCompHeaterType_Monitoring_Process_Temperature_AnalogSignal_EURange,6150,Variable
STCompHeaterType_Monitoring_Process_Temperature_SignalTag,6151,Variable
STCompHeaterType_Monitoring_Process_StandbyTemperature_AnalogSignal,6152,Variable
STCompHeaterType_Monitoring_Process_StandbyTemperature_AnalogSignal_EngineeringUnits,6153,Variable
STCompHeaterType_Monitoring_Process_StandbyTemperature_AnalogSignal_EURange,6154,Variable
STCompHeaterType_Monitoring_Process_StandbyTemperature_SignalTag,6155,Variable
STCompHeaterType_Monitoring_Process_HeatingPower_AnalogSignal,6156,Variable
STCompHeaterType_Monitoring_Process_HeatingPower_AnalogSignal_EngineeringUnits,6157,Variable
STCompHeaterType_Monitoring_Process_HeatingPower_AnalogSignal_EURange,6158,Variable
STCompHeaterType_Monitoring_Process_HeatingPower_SignalTag,6159,Variable
STCompHeaterType_Monitoring_Process_HeatingPowerRelative,6160,Variable
STCompHeaterType_Monitoring_Process_HeatUpTime_AnalogSignal,6161,Variable
STCompHeaterType_Monitoring_Process_HeatUpTime_AnalogSignal_EngineeringUnits,6162,Variable
STCompHeaterType_Monitoring_Process_HeatUpTime_AnalogSignal_EURange,6163,Variable
STCompHeaterType_Monitoring_Process_HeatUpTime_SignalTag,6164,Variable
STCompHeaterType_Monitoring_Process_HeatThroughTime_AnalogSignal,6165,Variable
STCompHeaterType_Monitoring_Process_HeatThroughTime_AnalogSignal_EngineeringUnits,6166,Variable
STCompHeaterType_Monitoring_Process_HeatThroughTime_AnalogSignal_EURange,6167,Variable
STCompHeaterType_Monitoring_Process_HeatThroughTime_SignalTag,6168,Variable
STCompHeaterType_Monitoring_Process_StandbyTimeout_AnalogSignal,6169,Variable
STCompHeaterType_Monitoring_Process_StandbyTimeout_AnalogSignal_EngineeringUnits,6170,Variable
STCompHeaterType_Monitoring_Process_StandbyTimeout_AnalogSignal_EURange,6171,Variable
STCompHeaterType_Monitoring_Process_StandbyTimeout_SignalTag,6172,Variable
STCompHeaterType_Description_TypeOfDevice,6173,Variable
STCompHeaterType_Description_TypeOfDevice_EnumValues,6174,Variable
STCompHeaterType_Description_TypeOfDevice_ValueAsText,6175,Variable
Server_Namespaces_http___opcfoundation_org_UA_SurfaceTechnology_OCT_MSS__IsNamespaceSubset,6176,Variable
Server_Namespaces_http___opcfoundation_org_UA_SurfaceTechnology_OCT_MSS__NamespacePublicationDate,6177,Variable
Server_Namespaces_http___opcfoundation_org_UA_SurfaceTechnology_OCT_MSS__NamespaceUri,6178,Variable
Server_Namespaces_http___opcfoundation_org_UA_SurfaceTechnology_OCT_MSS__NamespaceVersion,6179,Variable
Server_Namespaces_http___opcfoundation_org_UA_SurfaceTechnology_OCT_MSS__StaticNodeIdTypes,6180,Variable
Server_Namespaces_http___opcfoundation_org_UA_SurfaceTechnology_OCT_MSS__StaticNumericNodeIdRange,6181,Variable
Server_Namespaces_http___opcfoundation_org_UA_SurfaceTechnology_OCT_MSS__StaticStringNodeIdPattern,6182,Variable
